card_1,card_2,card_1_W,card_1_L,Games Played,card_1_overall_rating,card_1_matchup_rating
Baby Dragon,Barbarian Hut,0,1,1,0.4138,0.567
Baby Dragon,Berserker,1,0,1,0.4138,0.576
Baby Dragon,Dart Goblin,3,0,3,0.4138,0.6612
Baby Dragon,Electro Spirit,3,4,7,0.4138,0.4714
Baby Dragon,Electro Wizard,1,1,2,0.4138,0.4861
Baby Dragon,Elixir Golem,0,0,0,0.4138,0.5625
Baby Dragon,Executioner,0,2,2,0.4138,0.4861
Baby Dragon,Fireball,6,7,13,0.4138,0.4777
Baby Dragon,Fisherman,0,0,0,0.4138,0.5625
Baby Dragon,Flying Machine,2,2,4,0.4138,0.5359
Baby Dragon,Furnace,0,0,0,0.4138,0.5625
Baby Dragon,Giant,0,2,2,0.4138,0.4861
Baby Dragon,Giant Snowball,0,0,0,0.4138,0.5625
Baby Dragon,Goblin Barrel,1,4,5,0.4138,0.3898
Baby Dragon,Goblin Demolisher,1,3,4,0.4138,0.4097
Baby Dragon,Goblin Drill,0,0,0,0.4138,0.5625
Baby Dragon,Goblin Giant,0,2,2,0.4138,0.4861
Baby Dragon,Goblin Hut,4,8,12,0.4138,0.3669
Baby Dragon,Golem,4,2,6,0.4138,0.702
Baby Dragon,Graveyard,0,2,2,0.4138,0.4861
Baby Dragon,Hunter,0,0,0,0.4138,0.5625
Baby Dragon,Ice Spirit,3,6,9,0.4138,0.379
Baby Dragon,Ice Wizard,0,0,0,0.4138,0.5625
Baby Dragon,Inferno Tower,0,0,0,0.4138,0.5625
Baby Dragon,Knight,3,6,9,0.4138,0.379
Baby Dragon,Lava Hound,1,0,1,0.4138,0.576
Baby Dragon,Mega Knight,0,0,0,0.4138,0.5625
Baby Dragon,Mortar,0,0,0,0.4138,0.5625
Baby Dragon,Mother Witch,0,0,0,0.4138,0.5625
Baby Dragon,Musketeer,4,7,11,0.4138,0.3966
Baby Dragon,Night Witch,0,0,0,0.4138,0.5625
Baby Dragon,P.E.K.K.A,0,0,0,0.4138,0.5625
Baby Dragon,Poison,2,3,5,0.4138,0.4688
Baby Dragon,Princess,0,0,0,0.4138,0.5625
Baby Dragon,Rage,0,0,0,0.4138,0.5625
Baby Dragon,Ram Rider,2,1,3,0.4138,0.6367
Baby Dragon,Rascals,5,5,10,0.4138,0.6036
Baby Dragon,Rocket,0,0,0,0.4138,0.5625
Baby Dragon,Royal Delivery,1,2,3,0.4138,0.4636
Baby Dragon,Royal Giant,3,2,5,0.4138,0.6321
Baby Dragon,Rune Giant,0,2,2,0.4138,0.4861
Baby Dragon,Suspicious Bush,4,2,6,0.4138,0.702
Baby Dragon,The Log,1,5,6,0.4138,0.3757
Baby Dragon,Tombstone,4,5,9,0.4138,0.4737
Baby Dragon,Vines,1,6,7,0.4138,0.3651
Baby Dragon,Witch,2,2,4,0.4138,0.5359
Baby Dragon,Wizard,0,0,0,0.4138,0.5625
Baby Dragon,X-Bow,2,2,4,0.4138,0.5359
Baby Dragon,Zappies,0,0,0,0.4138,0.5625
Barbarian Hut,Baby Dragon,1,0,1,0.8078,0.576
Barbarian Hut,Berserker,0,0,0,0.8078,0.5625
Barbarian Hut,Dart Goblin,1,1,2,0.8078,0.4861
Barbarian Hut,Electro Spirit,4,1,5,0.8078,0.7111
Barbarian Hut,Electro Wizard,3,1,4,0.8078,0.6891
Barbarian Hut,Elixir Golem,0,0,0,0.8078,0.5625
Barbarian Hut,Executioner,0,1,1,0.8078,0.567
Barbarian Hut,Fireball,7,1,8,0.8078,0.7562
Barbarian Hut,Fisherman,0,0,0,0.8078,0.5625
Barbarian Hut,Flying Machine,3,1,4,0.8078,0.6891
Barbarian Hut,Furnace,0,0,0,0.8078,0.5625
Barbarian Hut,Giant,1,1,2,0.8078,0.4861
Barbarian Hut,Giant Snowball,0,0,0,0.8078,0.5625
Barbarian Hut,Goblin Barrel,4,1,5,0.8078,0.7111
Barbarian Hut,Goblin Demolisher,2,0,2,0.8078,0.625
Barbarian Hut,Goblin Drill,1,0,1,0.8078,0.576
Barbarian Hut,Goblin Giant,0,0,0,0.8078,0.5625
Barbarian Hut,Goblin Hut,3,3,6,0.8078,0.567
Barbarian Hut,Golem,2,0,2,0.8078,0.625
Barbarian Hut,Graveyard,2,2,4,0.8078,0.5359
Barbarian Hut,Hunter,1,0,1,0.8078,0.576
Barbarian Hut,Ice Spirit,5,2,7,0.8078,0.7438
Barbarian Hut,Ice Wizard,1,0,1,0.8078,0.576
Barbarian Hut,Inferno Tower,0,0,0,0.8078,0.5625
Barbarian Hut,Knight,4,2,6,0.8078,0.702
Barbarian Hut,Lava Hound,1,0,1,0.8078,0.576
Barbarian Hut,Mega Knight,0,0,0,0.8078,0.5625
Barbarian Hut,Mortar,1,0,1,0.8078,0.576
Barbarian Hut,Mother Witch,0,0,0,0.8078,0.5625
Barbarian Hut,Musketeer,2,1,3,0.8078,0.6367
Barbarian Hut,Night Witch,0,1,1,0.8078,0.567
Barbarian Hut,P.E.K.K.A,0,0,0,0.8078,0.5625
Barbarian Hut,Poison,2,1,3,0.8078,0.6367
Barbarian Hut,Princess,1,0,1,0.8078,0.576
Barbarian Hut,Rage,1,0,1,0.8078,0.576
Barbarian Hut,Ram Rider,3,0,3,0.8078,0.6612
Barbarian Hut,Rascals,3,2,5,0.8078,0.6321
Barbarian Hut,Rocket,0,0,0,0.8078,0.5625
Barbarian Hut,Royal Delivery,2,0,2,0.8078,0.625
Barbarian Hut,Royal Giant,3,0,3,0.8078,0.6612
Barbarian Hut,Rune Giant,2,0,2,0.8078,0.625
Barbarian Hut,Suspicious Bush,6,3,9,0.8078,0.7385
Barbarian Hut,The Log,2,4,6,0.8078,0.4027
Barbarian Hut,Tombstone,9,3,12,0.8078,0.791
Barbarian Hut,Vines,1,0,1,0.8078,0.576
Barbarian Hut,Witch,2,0,2,0.8078,0.625
Barbarian Hut,Wizard,1,0,1,0.8078,0.576
Barbarian Hut,X-Bow,1,0,1,0.8078,0.576
Barbarian Hut,Zappies,0,0,0,0.8078,0.5625
Berserker,Baby Dragon,0,1,1,0.3757,0.567
Berserker,Barbarian Hut,0,0,0,0.3757,0.5625
Berserker,Dart Goblin,0,0,0,0.3757,0.5625
Berserker,Electro Spirit,0,3,3,0.3757,0.4392
Berserker,Electro Wizard,0,1,1,0.3757,0.567
Berserker,Elixir Golem,0,0,0,0.3757,0.5625
Berserker,Executioner,0,0,0,0.3757,0.5625
Berserker,Fireball,1,1,2,0.3757,0.4861
Berserker,Fisherman,0,0,0,0.3757,0.5625
Berserker,Flying Machine,0,1,1,0.3757,0.567
Berserker,Furnace,0,0,0,0.3757,0.5625
Berserker,Giant,0,0,0,0.3757,0.5625
Berserker,Giant Snowball,0,0,0,0.3757,0.5625
Berserker,Goblin Barrel,1,1,2,0.3757,0.4861
Berserker,Goblin Demolisher,1,1,2,0.3757,0.4861
Berserker,Goblin Drill,0,0,0,0.3757,0.5625
Berserker,Goblin Giant,0,0,0,0.3757,0.5625
Berserker,Goblin Hut,0,5,5,0.3757,0.3898
Berserker,Golem,0,2,2,0.3757,0.4861
Berserker,Graveyard,0,0,0,0.3757,0.5625
Berserker,Hunter,1,0,1,0.3757,0.576
Berserker,Ice Spirit,1,3,4,0.3757,0.4097
Berserker,Ice Wizard,0,0,0,0.3757,0.5625
Berserker,Inferno Tower,0,0,0,0.3757,0.5625
Berserker,Knight,1,3,4,0.3757,0.4097
Berserker,Lava Hound,0,0,0,0.3757,0.5625
Berserker,Mega Knight,0,0,0,0.3757,0.5625
Berserker,Mortar,1,0,1,0.3757,0.576
Berserker,Mother Witch,0,0,0,0.3757,0.5625
Berserker,Musketeer,0,4,4,0.3757,0.4097
Berserker,Night Witch,0,0,0,0.3757,0.5625
Berserker,P.E.K.K.A,0,0,0,0.3757,0.5625
Berserker,Poison,0,3,3,0.3757,0.4392
Berserker,Princess,0,0,0,0.3757,0.5625
Berserker,Rage,0,0,0,0.3757,0.5625
Berserker,Ram Rider,0,0,0,0.3757,0.5625
Berserker,Rascals,0,1,1,0.3757,0.567
Berserker,Rocket,0,0,0,0.3757,0.5625
Berserker,Royal Delivery,0,0,0,0.3757,0.5625
Berserker,Royal Giant,0,1,1,0.3757,0.567
Berserker,Rune Giant,0,0,0,0.3757,0.5625
Berserker,Suspicious Bush,0,2,2,0.3757,0.4861
Berserker,The Log,1,3,4,0.3757,0.4097
Berserker,Tombstone,0,0,0,0.3757,0.5625
Berserker,Vines,0,2,2,0.3757,0.4861
Berserker,Witch,0,1,1,0.3757,0.567
Berserker,Wizard,0,0,0,0.3757,0.5625
Berserker,X-Bow,0,1,1,0.3757,0.567
Berserker,Zappies,0,0,0,0.3757,0.5625
Dart Goblin,Baby Dragon,0,3,3,0.4138,0.4392
Dart Goblin,Barbarian Hut,1,1,2,0.4138,0.4861
Dart Goblin,Berserker,0,0,0,0.4138,0.5625
Dart Goblin,Electro Spirit,3,4,7,0.4138,0.4714
Dart Goblin,Electro Wizard,0,2,2,0.4138,0.4861
Dart Goblin,Elixir Golem,0,0,0,0.4138,0.5625
Dart Goblin,Executioner,0,3,3,0.4138,0.4392
Dart Goblin,Fireball,4,4,8,0.4138,0.5882
Dart Goblin,Fisherman,0,0,0,0.4138,0.5625
Dart Goblin,Flying Machine,3,2,5,0.4138,0.6321
Dart Goblin,Furnace,1,0,1,0.4138,0.576
Dart Goblin,Giant,1,1,2,0.4138,0.4861
Dart Goblin,Giant Snowball,1,0,1,0.4138,0.576
Dart Goblin,Goblin Barrel,3,6,9,0.4138,0.379
Dart Goblin,Goblin Demolisher,1,1,2,0.4138,0.4861
Dart Goblin,Goblin Drill,0,0,0,0.4138,0.5625
Dart Goblin,Goblin Giant,0,2,2,0.4138,0.4861
Dart Goblin,Goblin Hut,2,7,9,0.4138,0.3506
Dart Goblin,Golem,0,2,2,0.4138,0.4861
Dart Goblin,Graveyard,2,5,7,0.4138,0.3651
Dart Goblin,Hunter,0,0,0,0.4138,0.5625
Dart Goblin,Ice Spirit,5,3,8,0.4138,0.6932
Dart Goblin,Ice Wizard,0,0,0,0.4138,0.5625
Dart Goblin,Inferno Tower,0,0,0,0.4138,0.5625
Dart Goblin,Knight,1,4,5,0.4138,0.3898
Dart Goblin,Lava Hound,0,0,0,0.4138,0.5625
Dart Goblin,Mega Knight,1,2,3,0.4138,0.4636
Dart Goblin,Mortar,0,0,0,0.4138,0.5625
Dart Goblin,Mother Witch,0,0,0,0.4138,0.5625
Dart Goblin,Musketeer,4,10,14,0.4138,0.332
Dart Goblin,Night Witch,0,2,2,0.4138,0.4861
Dart Goblin,P.E.K.K.A,1,0,1,0.4138,0.576
Dart Goblin,Poison,1,4,5,0.4138,0.3898
Dart Goblin,Princess,0,1,1,0.4138,0.567
Dart Goblin,Rage,0,0,0,0.4138,0.5625
Dart Goblin,Ram Rider,2,0,2,0.4138,0.625
Dart Goblin,Rascals,7,3,10,0.4138,0.776
Dart Goblin,Rocket,0,0,0,0.4138,0.5625
Dart Goblin,Royal Delivery,3,4,7,0.4138,0.4714
Dart Goblin,Royal Giant,1,0,1,0.4138,0.576
Dart Goblin,Rune Giant,0,1,1,0.4138,0.567
Dart Goblin,Suspicious Bush,5,5,10,0.4138,0.6036
Dart Goblin,The Log,1,6,7,0.4138,0.3651
Dart Goblin,Tombstone,2,3,5,0.4138,0.4688
Dart Goblin,Vines,5,5,10,0.4138,0.6036
Dart Goblin,Witch,1,0,1,0.4138,0.576
Dart Goblin,Wizard,1,0,1,0.4138,0.576
Dart Goblin,X-Bow,1,0,1,0.4138,0.576
Dart Goblin,Zappies,0,0,0,0.4138,0.5625
Electro Spirit,Baby Dragon,4,3,7,0.3892,0.6375
Electro Spirit,Barbarian Hut,1,4,5,0.3892,0.3898
Electro Spirit,Berserker,3,0,3,0.3892,0.6612
Electro Spirit,Dart Goblin,4,3,7,0.3892,0.6375
Electro Spirit,Electro Wizard,1,2,3,0.3892,0.4636
Electro Spirit,Elixir Golem,0,0,0,0.3892,0.5625
Electro Spirit,Executioner,0,2,2,0.3892,0.4861
Electro Spirit,Fireball,6,7,13,0.3892,0.4777
Electro Spirit,Fisherman,0,0,0,0.3892,0.5625
Electro Spirit,Flying Machine,5,5,10,0.3892,0.6036
Electro Spirit,Furnace,0,0,0,0.3892,0.5625
Electro Spirit,Giant,2,1,3,0.3892,0.6367
Electro Spirit,Giant Snowball,0,0,0,0.3892,0.5625
Electro Spirit,Goblin Barrel,4,5,9,0.3892,0.4737
Electro Spirit,Goblin Demolisher,1,2,3,0.3892,0.4636
Electro Spirit,Goblin Drill,0,0,0,0.3892,0.5625
Electro Spirit,Goblin Giant,0,2,2,0.3892,0.4861
Electro Spirit,Goblin Hut,2,6,8,0.3892,0.357
Electro Spirit,Golem,3,1,4,0.3892,0.6891
Electro Spirit,Graveyard,1,6,7,0.3892,0.3651
Electro Spirit,Hunter,1,0,1,0.3892,0.576
Electro Spirit,Ice Spirit,5,8,13,0.3892,0.4096
Electro Spirit,Ice Wizard,0,0,0,0.3892,0.5625
Electro Spirit,Inferno Tower,0,0,0,0.3892,0.5625
Electro Spirit,Knight,4,10,14,0.3892,0.332
Electro Spirit,Lava Hound,0,1,1,0.3892,0.567
Electro Spirit,Mega Knight,0,0,0,0.3892,0.5625
Electro Spirit,Mortar,1,0,1,0.3892,0.576
Electro Spirit,Mother Witch,2,1,3,0.3892,0.6367
Electro Spirit,Musketeer,6,12,18,0.3892,0.355
Electro Spirit,Night Witch,0,1,1,0.3892,0.567
Electro Spirit,P.E.K.K.A,2,1,3,0.3892,0.6367
Electro Spirit,Poison,5,9,14,0.3892,0.383
Electro Spirit,Princess,0,0,0,0.3892,0.5625
Electro Spirit,Rage,0,1,1,0.3892,0.567
Electro Spirit,Ram Rider,0,1,1,0.3892,0.567
Electro Spirit,Rascals,3,7,10,0.3892,0.3455
Electro Spirit,Rocket,0,0,0,0.3892,0.5625
Electro Spirit,Royal Delivery,2,3,5,0.3892,0.4688
Electro Spirit,Royal Giant,1,2,3,0.3892,0.4636
Electro Spirit,Rune Giant,0,1,1,0.3892,0.567
Electro Spirit,Suspicious Bush,4,3,7,0.3892,0.6375
Electro Spirit,The Log,5,11,16,0.3892,0.3391
Electro Spirit,Tombstone,2,9,11,0.3892,0.3412
Electro Spirit,Vines,3,5,8,0.3892,0.42
Electro Spirit,Witch,3,5,8,0.3892,0.42
Electro Spirit,Wizard,1,1,2,0.3892,0.4861
Electro Spirit,X-Bow,1,3,4,0.3892,0.4097
Electro Spirit,Zappies,0,0,0,0.3892,0.5625
Electro Wizard,Baby Dragon,1,1,2,0.4797,0.4861
Electro Wizard,Barbarian Hut,1,3,4,0.4797,0.4097
Electro Wizard,Berserker,1,0,1,0.4797,0.576
Electro Wizard,Dart Goblin,2,0,2,0.4797,0.625
Electro Wizard,Electro Spirit,2,1,3,0.4797,0.6367
Electro Wizard,Elixir Golem,0,0,0,0.4797,0.5625
Electro Wizard,Executioner,1,2,3,0.4797,0.4636
Electro Wizard,Fireball,4,5,9,0.4797,0.4737
Electro Wizard,Fisherman,0,0,0,0.4797,0.5625
Electro Wizard,Flying Machine,2,2,4,0.4797,0.5359
Electro Wizard,Furnace,1,0,1,0.4797,0.576
Electro Wizard,Giant,1,0,1,0.4797,0.576
Electro Wizard,Giant Snowball,0,0,0,0.4797,0.5625
Electro Wizard,Goblin Barrel,2,3,5,0.4797,0.4688
Electro Wizard,Goblin Demolisher,0,0,0,0.4797,0.5625
Electro Wizard,Goblin Drill,0,0,0,0.4797,0.5625
Electro Wizard,Goblin Giant,0,0,0,0.4797,0.5625
Electro Wizard,Goblin Hut,3,2,5,0.4797,0.6321
Electro Wizard,Golem,1,1,2,0.4797,0.4861
Electro Wizard,Graveyard,2,2,4,0.4797,0.5359
Electro Wizard,Hunter,0,0,0,0.4797,0.5625
Electro Wizard,Ice Spirit,2,0,2,0.4797,0.625
Electro Wizard,Ice Wizard,0,0,0,0.4797,0.5625
Electro Wizard,Inferno Tower,0,0,0,0.4797,0.5625
Electro Wizard,Knight,4,7,11,0.4797,0.3966
Electro Wizard,Lava Hound,0,3,3,0.4797,0.4392
Electro Wizard,Mega Knight,0,1,1,0.4797,0.567
Electro Wizard,Mortar,0,0,0,0.4797,0.5625
Electro Wizard,Mother Witch,1,0,1,0.4797,0.576
Electro Wizard,Musketeer,2,6,8,0.4797,0.357
Electro Wizard,Night Witch,0,1,1,0.4797,0.567
Electro Wizard,P.E.K.K.A,1,1,2,0.4797,0.4861
Electro Wizard,Poison,3,2,5,0.4797,0.6321
Electro Wizard,Princess,1,0,1,0.4797,0.576
Electro Wizard,Rage,0,1,1,0.4797,0.567
Electro Wizard,Ram Rider,0,3,3,0.4797,0.4392
Electro Wizard,Rascals,3,2,5,0.4797,0.6321
Electro Wizard,Rocket,0,0,0,0.4797,0.5625
Electro Wizard,Royal Delivery,1,1,2,0.4797,0.4861
Electro Wizard,Royal Giant,0,0,0,0.4797,0.5625
Electro Wizard,Rune Giant,0,0,0,0.4797,0.5625
Electro Wizard,Suspicious Bush,4,3,7,0.4797,0.6375
Electro Wizard,The Log,2,4,6,0.4797,0.4027
Electro Wizard,Tombstone,2,3,5,0.4797,0.4688
Electro Wizard,Vines,4,3,7,0.4797,0.6375
Electro Wizard,Witch,1,0,1,0.4797,0.576
Electro Wizard,Wizard,0,0,0,0.4797,0.5625
Electro Wizard,X-Bow,1,1,2,0.4797,0.4861
Electro Wizard,Zappies,0,0,0,0.4797,0.5625
Elixir Golem,Baby Dragon,0,0,0,0.567,0.5625
Elixir Golem,Barbarian Hut,0,0,0,0.567,0.5625
Elixir Golem,Berserker,0,0,0,0.567,0.5625
Elixir Golem,Dart Goblin,0,0,0,0.567,0.5625
Elixir Golem,Electro Spirit,0,0,0,0.567,0.5625
Elixir Golem,Electro Wizard,0,0,0,0.567,0.5625
Elixir Golem,Executioner,0,0,0,0.567,0.5625
Elixir Golem,Fireball,0,1,1,0.567,0.567
Elixir Golem,Fisherman,0,0,0,0.567,0.5625
Elixir Golem,Flying Machine,0,0,0,0.567,0.5625
Elixir Golem,Furnace,0,0,0,0.567,0.5625
Elixir Golem,Giant,0,0,0,0.567,0.5625
Elixir Golem,Giant Snowball,0,0,0,0.567,0.5625
Elixir Golem,Goblin Barrel,0,0,0,0.567,0.5625
Elixir Golem,Goblin Demolisher,0,0,0,0.567,0.5625
Elixir Golem,Goblin Drill,0,0,0,0.567,0.5625
Elixir Golem,Goblin Giant,0,0,0,0.567,0.5625
Elixir Golem,Goblin Hut,0,1,1,0.567,0.567
Elixir Golem,Golem,0,0,0,0.567,0.5625
Elixir Golem,Graveyard,0,0,0,0.567,0.5625
Elixir Golem,Hunter,0,0,0,0.567,0.5625
Elixir Golem,Ice Spirit,0,0,0,0.567,0.5625
Elixir Golem,Ice Wizard,0,0,0,0.567,0.5625
Elixir Golem,Inferno Tower,0,0,0,0.567,0.5625
Elixir Golem,Knight,0,1,1,0.567,0.567
Elixir Golem,Lava Hound,0,0,0,0.567,0.5625
Elixir Golem,Mega Knight,0,1,1,0.567,0.567
Elixir Golem,Mortar,0,0,0,0.567,0.5625
Elixir Golem,Mother Witch,0,0,0,0.567,0.5625
Elixir Golem,Musketeer,0,1,1,0.567,0.567
Elixir Golem,Night Witch,0,0,0,0.567,0.5625
Elixir Golem,P.E.K.K.A,0,0,0,0.567,0.5625
Elixir Golem,Poison,0,0,0,0.567,0.5625
Elixir Golem,Princess,0,1,1,0.567,0.567
Elixir Golem,Rage,0,0,0,0.567,0.5625
Elixir Golem,Ram Rider,0,1,1,0.567,0.567
Elixir Golem,Rascals,0,0,0,0.567,0.5625
Elixir Golem,Rocket,0,0,0,0.567,0.5625
Elixir Golem,Royal Delivery,0,0,0,0.567,0.5625
Elixir Golem,Royal Giant,0,0,0,0.567,0.5625
Elixir Golem,Rune Giant,0,0,0,0.567,0.5625
Elixir Golem,Suspicious Bush,0,0,0,0.567,0.5625
Elixir Golem,The Log,0,0,0,0.567,0.5625
Elixir Golem,Tombstone,0,0,0,0.567,0.5625
Elixir Golem,Vines,0,1,1,0.567,0.567
Elixir Golem,Witch,0,0,0,0.567,0.5625
Elixir Golem,Wizard,0,0,0,0.567,0.5625
Elixir Golem,X-Bow,0,0,0,0.567,0.5625
Elixir Golem,Zappies,0,0,0,0.567,0.5625
Executioner,Baby Dragon,2,0,2,0.776,0.625
Executioner,Barbarian Hut,1,0,1,0.776,0.576
Executioner,Berserker,0,0,0,0.776,0.5625
Executioner,Dart Goblin,3,0,3,0.776,0.6612
Executioner,Electro Spirit,2,0,2,0.776,0.625
Executioner,Electro Wizard,2,1,3,0.776,0.6367
Executioner,Elixir Golem,0,0,0,0.776,0.5625
Executioner,Fireball,3,1,4,0.776,0.6891
Executioner,Fisherman,0,0,0,0.776,0.5625
Executioner,Flying Machine,4,0,4,0.776,0.6891
Executioner,Furnace,0,0,0,0.776,0.5625
Executioner,Giant,4,0,4,0.776,0.6891
Executioner,Giant Snowball,0,0,0,0.776,0.5625
Executioner,Goblin Barrel,1,0,1,0.776,0.576
Executioner,Goblin Demolisher,0,0,0,0.776,0.5625
Executioner,Goblin Drill,0,0,0,0.776,0.5625
Executioner,Goblin Giant,0,0,0,0.776,0.5625
Executioner,Goblin Hut,3,0,3,0.776,0.6612
Executioner,Golem,1,0,1,0.776,0.576
Executioner,Graveyard,0,0,0,0.776,0.5625
Executioner,Hunter,0,0,0,0.776,0.5625
Executioner,Ice Spirit,2,2,4,0.776,0.5359
Executioner,Ice Wizard,0,0,0,0.776,0.5625
Executioner,Inferno Tower,0,0,0,0.776,0.5625
Executioner,Knight,4,0,4,0.776,0.6891
Executioner,Lava Hound,1,1,2,0.776,0.4861
Executioner,Mega Knight,1,1,2,0.776,0.4861
Executioner,Mortar,0,0,0,0.776,0.5625
Executioner,Mother Witch,0,0,0,0.776,0.5625
Executioner,Musketeer,3,2,5,0.776,0.6321
Executioner,Night Witch,1,0,1,0.776,0.576
Executioner,P.E.K.K.A,1,0,1,0.776,0.576
Executioner,Poison,5,0,5,0.776,0.7111
Executioner,Princess,0,0,0,0.776,0.5625
Executioner,Rage,0,0,0,0.776,0.5625
Executioner,Ram Rider,3,2,5,0.776,0.6321
Executioner,Rascals,2,0,2,0.776,0.625
Executioner,Rocket,0,0,0,0.776,0.5625
Executioner,Royal Delivery,4,1,5,0.776,0.7111
Executioner,Royal Giant,0,0,0,0.776,0.5625
Executioner,Rune Giant,1,0,1,0.776,0.576
Executioner,Suspicious Bush,2,0,2,0.776,0.625
Executioner,The Log,3,2,5,0.776,0.6321
Executioner,Tombstone,2,2,4,0.776,0.5359
Executioner,Vines,2,1,3,0.776,0.6367
Executioner,Witch,1,0,1,0.776,0.576
Executioner,Wizard,0,0,0,0.776,0.5625
Executioner,X-Bow,0,0,0,0.776,0.5625
Executioner,Zappies,0,0,0,0.776,0.5625
Fireball,Baby Dragon,7,6,13,0.4785,0.6541
Fireball,Barbarian Hut,1,7,8,0.4785,0.357
Fireball,Berserker,1,1,2,0.4785,0.4861
Fireball,Dart Goblin,4,4,8,0.4785,0.5882
Fireball,Electro Spirit,7,6,13,0.4785,0.6541
Fireball,Electro Wizard,5,4,9,0.4785,0.6438
Fireball,Elixir Golem,1,0,1,0.4785,0.576
Fireball,Executioner,1,3,4,0.4785,0.4097
Fireball,Fisherman,1,0,1,0.4785,0.576
Fireball,Flying Machine,6,4,10,0.4785,0.6898
Fireball,Furnace,1,0,1,0.4785,0.576
Fireball,Giant,4,2,6,0.4785,0.702
Fireball,Giant Snowball,2,0,2,0.4785,0.625
Fireball,Goblin Barrel,7,6,13,0.4785,0.6541
Fireball,Goblin Demolisher,0,1,1,0.4785,0.567
Fireball,Goblin Drill,0,0,0,0.4785,0.5625
Fireball,Goblin Giant,1,0,1,0.4785,0.576
Fireball,Goblin Hut,5,8,13,0.4785,0.4096
Fireball,Golem,0,5,5,0.4785,0.3898
Fireball,Graveyard,5,6,11,0.4785,0.4758
Fireball,Hunter,0,0,0,0.4785,0.5625
Fireball,Ice Spirit,7,10,17,0.4785,0.4275
Fireball,Ice Wizard,1,0,1,0.4785,0.576
Fireball,Inferno Tower,1,0,1,0.4785,0.576
Fireball,Knight,9,9,18,0.4785,0.6378
Fireball,Lava Hound,1,2,3,0.4785,0.4636
Fireball,Mega Knight,1,2,3,0.4785,0.4636
Fireball,Mortar,0,0,0,0.4785,0.5625
Fireball,Mother Witch,2,0,2,0.4785,0.625
Fireball,Musketeer,5,13,18,0.4785,0.3246
Fireball,Night Witch,1,2,3,0.4785,0.4636
Fireball,P.E.K.K.A,1,1,2,0.4785,0.4861
Fireball,Poison,7,12,19,0.4785,0.3858
Fireball,Princess,1,1,2,0.4785,0.4861
Fireball,Rage,2,2,4,0.4785,0.5359
Fireball,Ram Rider,5,5,10,0.4785,0.6036
Fireball,Rascals,5,5,10,0.4785,0.6036
Fireball,Rocket,1,0,1,0.4785,0.576
Fireball,Royal Delivery,7,4,11,0.4785,0.7286
Fireball,Royal Giant,1,1,2,0.4785,0.4861
Fireball,Rune Giant,3,1,4,0.4785,0.6891
Fireball,Suspicious Bush,8,5,13,0.4785,0.7223
Fireball,The Log,10,14,24,0.4785,0.4266
Fireball,Tombstone,9,11,20,0.4785,0.4598
Fireball,Vines,8,11,19,0.4785,0.434
Fireball,Witch,3,1,4,0.4785,0.6891
Fireball,Wizard,1,0,1,0.4785,0.576
Fireball,X-Bow,1,1,2,0.4785,0.4861
Fireball,Zappies,0,0,0,0.4785,0.5625
Fisherman,Baby Dragon,0,0,0,0.567,0.5625
Fisherman,Barbarian Hut,0,0,0,0.567,0.5625
Fisherman,Berserker,0,0,0,0.567,0.5625
Fisherman,Dart Goblin,0,0,0,0.567,0.5625
Fisherman,Electro Spirit,0,0,0,0.567,0.5625
Fisherman,Electro Wizard,0,0,0,0.567,0.5625
Fisherman,Elixir Golem,0,0,0,0.567,0.5625
Fisherman,Executioner,0,0,0,0.567,0.5625
Fisherman,Fireball,0,1,1,0.567,0.567
Fisherman,Flying Machine,0,0,0,0.567,0.5625
Fisherman,Furnace,0,0,0,0.567,0.5625
Fisherman,Giant,0,0,0,0.567,0.5625
Fisherman,Giant Snowball,0,0,0,0.567,0.5625
Fisherman,Goblin Barrel,0,0,0,0.567,0.5625
Fisherman,Goblin Demolisher,0,0,0,0.567,0.5625
Fisherman,Goblin Drill,0,0,0,0.567,0.5625
Fisherman,Goblin Giant,0,0,0,0.567,0.5625
Fisherman,Goblin Hut,0,1,1,0.567,0.567
Fisherman,Golem,0,0,0,0.567,0.5625
Fisherman,Graveyard,0,0,0,0.567,0.5625
Fisherman,Hunter,0,0,0,0.567,0.5625
Fisherman,Ice Spirit,0,0,0,0.567,0.5625
Fisherman,Ice Wizard,0,0,0,0.567,0.5625
Fisherman,Inferno Tower,0,0,0,0.567,0.5625
Fisherman,Knight,0,1,1,0.567,0.567
Fisherman,Lava Hound,0,0,0,0.567,0.5625
Fisherman,Mega Knight,0,1,1,0.567,0.567
Fisherman,Mortar,0,0,0,0.567,0.5625
Fisherman,Mother Witch,0,0,0,0.567,0.5625
Fisherman,Musketeer,0,1,1,0.567,0.567
Fisherman,Night Witch,0,0,0,0.567,0.5625
Fisherman,P.E.K.K.A,0,0,0,0.567,0.5625
Fisherman,Poison,0,0,0,0.567,0.5625
Fisherman,Princess,0,1,1,0.567,0.567
Fisherman,Rage,0,0,0,0.567,0.5625
Fisherman,Ram Rider,0,1,1,0.567,0.567
Fisherman,Rascals,0,0,0,0.567,0.5625
Fisherman,Rocket,0,0,0,0.567,0.5625
Fisherman,Royal Delivery,0,0,0,0.567,0.5625
Fisherman,Royal Giant,0,0,0,0.567,0.5625
Fisherman,Rune Giant,0,0,0,0.567,0.5625
Fisherman,Suspicious Bush,0,0,0,0.567,0.5625
Fisherman,The Log,0,0,0,0.567,0.5625
Fisherman,Tombstone,0,0,0,0.567,0.5625
Fisherman,Vines,0,1,1,0.567,0.567
Fisherman,Witch,0,0,0,0.567,0.5625
Fisherman,Wizard,0,0,0,0.567,0.5625
Fisherman,X-Bow,0,0,0,0.567,0.5625
Fisherman,Zappies,0,0,0,0.567,0.5625
Flying Machine,Baby Dragon,2,2,4,0.3733,0.5359
Flying Machine,Barbarian Hut,1,3,4,0.3733,0.4097
Flying Machine,Berserker,1,0,1,0.3733,0.576
Flying Machine,Dart Goblin,2,3,5,0.3733,0.4688
Flying Machine,Electro Spirit,5,5,10,0.3733,0.6036
Flying Machine,Electro Wizard,2,2,4,0.3733,0.5359
Flying Machine,Elixir Golem,0,0,0,0.3733,0.5625
Flying Machine,Executioner,0,4,4,0.3733,0.4097
Flying Machine,Fireball,4,6,10,0.3733,0.4317
Flying Machine,Fisherman,0,0,0,0.3733,0.5625
Flying Machine,Furnace,0,0,0,0.3733,0.5625
Flying Machine,Giant,1,1,2,0.3733,0.4861
Flying Machine,Giant Snowball,0,0,0,0.3733,0.5625
Flying Machine,Goblin Barrel,2,4,6,0.3733,0.4027
Flying Machine,Goblin Demolisher,0,2,2,0.3733,0.4861
Flying Machine,Goblin Drill,0,0,0,0.3733,0.5625
Flying Machine,Goblin Giant,0,2,2,0.3733,0.4861
Flying Machine,Goblin Hut,3,8,11,0.3733,0.3412
Flying Machine,Golem,5,4,9,0.3733,0.6438
Flying Machine,Graveyard,2,5,7,0.3733,0.3651
Flying Machine,Hunter,0,0,0,0.3733,0.5625
Flying Machine,Ice Spirit,2,7,9,0.3733,0.3506
Flying Machine,Ice Wizard,0,0,0,0.3733,0.5625
Flying Machine,Inferno Tower,0,0,0,0.3733,0.5625
Flying Machine,Knight,2,9,11,0.3733,0.3412
Flying Machine,Lava Hound,0,0,0,0.3733,0.5625
Flying Machine,Mega Knight,0,0,0,0.3733,0.5625
Flying Machine,Mortar,0,0,0,0.3733,0.5625
Flying Machine,Mother Witch,2,0,2,0.3733,0.625
Flying Machine,Musketeer,5,12,17,0.3733,0.3261
Flying Machine,Night Witch,0,0,0,0.3733,0.5625
Flying Machine,P.E.K.K.A,0,0,0,0.3733,0.5625
Flying Machine,Poison,3,7,10,0.3733,0.3455
Flying Machine,Princess,1,0,1,0.3733,0.576
Flying Machine,Rage,0,0,0,0.3733,0.5625
Flying Machine,Ram Rider,0,2,2,0.3733,0.4861
Flying Machine,Rascals,5,6,11,0.3733,0.4758
Flying Machine,Rocket,1,0,1,0.3733,0.576
Flying Machine,Royal Delivery,1,3,4,0.3733,0.4097
Flying Machine,Royal Giant,2,2,4,0.3733,0.5359
Flying Machine,Rune Giant,0,1,1,0.3733,0.567
Flying Machine,Suspicious Bush,3,1,4,0.3733,0.6891
Flying Machine,The Log,2,8,10,0.3733,0.3455
Flying Machine,Tombstone,5,8,13,0.3733,0.4096
Flying Machine,Vines,3,5,8,0.3733,0.42
Flying Machine,Witch,2,2,4,0.3733,0.5359
Flying Machine,Wizard,1,1,2,0.3733,0.4861
Flying Machine,X-Bow,2,3,5,0.3733,0.4688
Flying Machine,Zappies,0,0,0,0.3733,0.5625
Furnace,Baby Dragon,0,0,0,0.4861,0.5625
Furnace,Barbarian Hut,0,0,0,0.4861,0.5625
Furnace,Berserker,0,0,0,0.4861,0.5625
Furnace,Dart Goblin,0,1,1,0.4861,0.567
Furnace,Electro Spirit,0,0,0,0.4861,0.5625
Furnace,Electro Wizard,0,1,1,0.4861,0.567
Furnace,Elixir Golem,0,0,0,0.4861,0.5625
Furnace,Executioner,0,0,0,0.4861,0.5625
Furnace,Fireball,0,1,1,0.4861,0.567
Furnace,Fisherman,0,0,0,0.4861,0.5625
Furnace,Flying Machine,0,0,0,0.4861,0.5625
Furnace,Giant,0,0,0,0.4861,0.5625
Furnace,Giant Snowball,0,0,0,0.4861,0.5625
Furnace,Goblin Barrel,0,1,1,0.4861,0.567
Furnace,Goblin Demolisher,0,1,1,0.4861,0.567
Furnace,Goblin Drill,0,0,0,0.4861,0.5625
Furnace,Goblin Giant,0,0,0,0.4861,0.5625
Furnace,Goblin Hut,0,0,0,0.4861,0.5625
Furnace,Golem,0,0,0,0.4861,0.5625
Furnace,Graveyard,0,1,1,0.4861,0.567
Furnace,Hunter,0,0,0,0.4861,0.5625
Furnace,Ice Spirit,0,0,0,0.4861,0.5625
Furnace,Ice Wizard,0,0,0,0.4861,0.5625
Furnace,Inferno Tower,0,0,0,0.4861,0.5625
Furnace,Knight,0,2,2,0.4861,0.4861
Furnace,Lava Hound,0,0,0,0.4861,0.5625
Furnace,Mega Knight,0,0,0,0.4861,0.5625
Furnace,Mortar,0,0,0,0.4861,0.5625
Furnace,Mother Witch,0,0,0,0.4861,0.5625
Furnace,Musketeer,0,2,2,0.4861,0.4861
Furnace,Night Witch,0,0,0,0.4861,0.5625
Furnace,P.E.K.K.A,0,0,0,0.4861,0.5625
Furnace,Poison,0,1,1,0.4861,0.567
Furnace,Princess,0,0,0,0.4861,0.5625
Furnace,Rage,0,0,0,0.4861,0.5625
Furnace,Ram Rider,0,0,0,0.4861,0.5625
Furnace,Rascals,0,1,1,0.4861,0.567
Furnace,Rocket,0,0,0,0.4861,0.5625
Furnace,Royal Delivery,0,1,1,0.4861,0.567
Furnace,Royal Giant,0,0,0,0.4861,0.5625
Furnace,Rune Giant,0,0,0,0.4861,0.5625
Furnace,Suspicious Bush,0,0,0,0.4861,0.5625
Furnace,The Log,0,2,2,0.4861,0.4861
Furnace,Tombstone,0,1,1,0.4861,0.567
Furnace,Vines,0,0,0,0.4861,0.5625
Furnace,Witch,0,0,0,0.4861,0.5625
Furnace,Wizard,0,0,0,0.4861,0.5625
Furnace,X-Bow,0,0,0,0.4861,0.5625
Furnace,Zappies,0,0,0,0.4861,0.5625
Giant,Baby Dragon,2,0,2,0.4339,0.625
Giant,Barbarian Hut,1,1,2,0.4339,0.4861
Giant,Berserker,0,0,0,0.4339,0.5625
Giant,Dart Goblin,1,1,2,0.4339,0.4861
Giant,Electro Spirit,1,2,3,0.4339,0.4636
Giant,Electro Wizard,0,1,1,0.4339,0.567
Giant,Elixir Golem,0,0,0,0.4339,0.5625
Giant,Executioner,0,4,4,0.4339,0.4097
Giant,Fireball,2,4,6,0.4339,0.4027
Giant,Fisherman,0,0,0,0.4339,0.5625
Giant,Flying Machine,1,1,2,0.4339,0.4861
Giant,Furnace,0,0,0,0.4339,0.5625
Giant,Giant Snowball,1,0,1,0.4339,0.576
Giant,Goblin Barrel,2,6,8,0.4339,0.357
Giant,Goblin Demolisher,0,2,2,0.4339,0.4861
Giant,Goblin Drill,0,0,0,0.4339,0.5625
Giant,Goblin Giant,0,2,2,0.4339,0.4861
Giant,Goblin Hut,1,3,4,0.4339,0.4097
Giant,Golem,1,3,4,0.4339,0.4097
Giant,Graveyard,3,1,4,0.4339,0.6891
Giant,Hunter,0,0,0,0.4339,0.5625
Giant,Ice Spirit,5,4,9,0.4339,0.6438
Giant,Ice Wizard,0,0,0,0.4339,0.5625
Giant,Inferno Tower,0,0,0,0.4339,0.5625
Giant,Knight,4,4,8,0.4339,0.5882
Giant,Lava Hound,0,2,2,0.4339,0.4861
Giant,Mega Knight,0,0,0,0.4339,0.5625
Giant,Mortar,0,0,0,0.4339,0.5625
Giant,Mother Witch,0,0,0,0.4339,0.5625
Giant,Musketeer,4,7,11,0.4339,0.3966
Giant,Night Witch,0,1,1,0.4339,0.567
Giant,P.E.K.K.A,0,0,0,0.4339,0.5625
Giant,Poison,1,3,4,0.4339,0.4097
Giant,Princess,1,0,1,0.4339,0.576
Giant,Rage,1,1,2,0.4339,0.4861
Giant,Ram Rider,4,3,7,0.4339,0.6375
Giant,Rascals,6,4,10,0.4339,0.6898
Giant,Rocket,0,0,0,0.4339,0.5625
Giant,Royal Delivery,4,3,7,0.4339,0.6375
Giant,Royal Giant,2,0,2,0.4339,0.625
Giant,Rune Giant,0,0,0,0.4339,0.5625
Giant,Suspicious Bush,4,1,5,0.4339,0.7111
Giant,The Log,2,8,10,0.4339,0.3455
Giant,Tombstone,5,7,12,0.4339,0.4402
Giant,Vines,3,4,7,0.4339,0.4714
Giant,Witch,1,2,3,0.4339,0.4636
Giant,Wizard,0,1,1,0.4339,0.567
Giant,X-Bow,1,2,3,0.4339,0.4636
Giant,Zappies,0,0,0,0.4339,0.5625
Giant Snowball,Baby Dragon,0,0,0,0.4392,0.5625
Giant Snowball,Barbarian Hut,0,0,0,0.4392,0.5625
Giant Snowball,Berserker,0,0,0,0.4392,0.5625
Giant Snowball,Dart Goblin,0,1,1,0.4392,0.567
Giant Snowball,Electro Spirit,0,0,0,0.4392,0.5625
Giant Snowball,Electro Wizard,0,0,0,0.4392,0.5625
Giant Snowball,Elixir Golem,0,0,0,0.4392,0.5625
Giant Snowball,Executioner,0,0,0,0.4392,0.5625
Giant Snowball,Fireball,0,2,2,0.4392,0.4861
Giant Snowball,Fisherman,0,0,0,0.4392,0.5625
Giant Snowball,Flying Machine,0,0,0,0.4392,0.5625
Giant Snowball,Furnace,0,0,0,0.4392,0.5625
Giant Snowball,Giant,0,1,1,0.4392,0.567
Giant Snowball,Goblin Barrel,0,1,1,0.4392,0.567
Giant Snowball,Goblin Demolisher,0,0,0,0.4392,0.5625
Giant Snowball,Goblin Drill,0,0,0,0.4392,0.5625
Giant Snowball,Goblin Giant,0,0,0,0.4392,0.5625
Giant Snowball,Goblin Hut,0,1,1,0.4392,0.567
Giant Snowball,Golem,0,0,0,0.4392,0.5625
Giant Snowball,Graveyard,0,1,1,0.4392,0.567
Giant Snowball,Hunter,0,0,0,0.4392,0.5625
Giant Snowball,Ice Spirit,0,1,1,0.4392,0.567
Giant Snowball,Ice Wizard,0,0,0,0.4392,0.5625
Giant Snowball,Inferno Tower,0,0,0,0.4392,0.5625
Giant Snowball,Knight,0,2,2,0.4392,0.4861
Giant Snowball,Lava Hound,0,2,2,0.4392,0.4861
Giant Snowball,Mega Knight,0,0,0,0.4392,0.5625
Giant Snowball,Mortar,0,0,0,0.4392,0.5625
Giant Snowball,Mother Witch,0,0,0,0.4392,0.5625
Giant Snowball,Musketeer,0,2,2,0.4392,0.4861
Giant Snowball,Night Witch,0,0,0,0.4392,0.5625
Giant Snowball,P.E.K.K.A,0,0,0,0.4392,0.5625
Giant Snowball,Poison,0,0,0,0.4392,0.5625
Giant Snowball,Princess,0,0,0,0.4392,0.5625
Giant Snowball,Rage,0,0,0,0.4392,0.5625
Giant Snowball,Ram Rider,0,1,1,0.4392,0.567
Giant Snowball,Rascals,0,0,0,0.4392,0.5625
Giant Snowball,Rocket,0,0,0,0.4392,0.5625
Giant Snowball,Royal Delivery,0,1,1,0.4392,0.567
Giant Snowball,Royal Giant,0,0,0,0.4392,0.5625
Giant Snowball,Rune Giant,0,0,0,0.4392,0.5625
Giant Snowball,Suspicious Bush,0,2,2,0.4392,0.4861
Giant Snowball,The Log,0,2,2,0.4392,0.4861
Giant Snowball,Tombstone,0,3,3,0.4392,0.4392
Giant Snowball,Vines,0,1,1,0.4392,0.567
Giant Snowball,Witch,0,0,0,0.4392,0.5625
Giant Snowball,Wizard,0,0,0,0.4392,0.5625
Giant Snowball,X-Bow,0,0,0,0.4392,0.5625
Giant Snowball,Zappies,0,0,0,0.4392,0.5625
Goblin Barrel,Baby Dragon,4,1,5,0.4573,0.7111
Goblin Barrel,Barbarian Hut,1,4,5,0.4573,0.3898
Goblin Barrel,Berserker,1,1,2,0.4573,0.4861
Goblin Barrel,Dart Goblin,6,3,9,0.4573,0.7385
Goblin Barrel,Electro Spirit,5,4,9,0.4573,0.6438
Goblin Barrel,Electro Wizard,3,2,5,0.4573,0.6321
Goblin Barrel,Elixir Golem,0,0,0,0.4573,0.5625
Goblin Barrel,Executioner,0,1,1,0.4573,0.567
Goblin Barrel,Fireball,6,7,13,0.4573,0.4777
Goblin Barrel,Fisherman,0,0,0,0.4573,0.5625
Goblin Barrel,Flying Machine,4,2,6,0.4573,0.702
Goblin Barrel,Furnace,1,0,1,0.4573,0.576
Goblin Barrel,Giant,6,2,8,0.4573,0.7562
Goblin Barrel,Giant Snowball,1,0,1,0.4573,0.576
Goblin Barrel,Goblin Demolisher,0,2,2,0.4573,0.4861
Goblin Barrel,Goblin Drill,1,0,1,0.4573,0.576
Goblin Barrel,Goblin Giant,0,0,0,0.4573,0.5625
Goblin Barrel,Goblin Hut,7,9,16,0.4573,0.4519
Goblin Barrel,Golem,3,3,6,0.4573,0.567
Goblin Barrel,Graveyard,0,2,2,0.4573,0.4861
Goblin Barrel,Hunter,0,0,0,0.4573,0.5625
Goblin Barrel,Ice Spirit,1,6,7,0.4573,0.3651
Goblin Barrel,Ice Wizard,0,0,0,0.4573,0.5625
Goblin Barrel,Inferno Tower,0,0,0,0.4573,0.5625
Goblin Barrel,Knight,8,9,17,0.4573,0.4808
Goblin Barrel,Lava Hound,1,2,3,0.4573,0.4636
Goblin Barrel,Mega Knight,1,1,2,0.4573,0.4861
Goblin Barrel,Mortar,0,0,0,0.4573,0.5625
Goblin Barrel,Mother Witch,0,1,1,0.4573,0.567
Goblin Barrel,Musketeer,4,15,19,0.4573,0.3232
Goblin Barrel,Night Witch,1,1,2,0.4573,0.4861
Goblin Barrel,P.E.K.K.A,0,1,1,0.4573,0.567
Goblin Barrel,Poison,4,8,12,0.4573,0.3669
Goblin Barrel,Princess,1,0,1,0.4573,0.576
Goblin Barrel,Rage,4,1,5,0.4573,0.7111
Goblin Barrel,Ram Rider,6,7,13,0.4573,0.4777
Goblin Barrel,Rascals,3,6,9,0.4573,0.379
Goblin Barrel,Rocket,1,0,1,0.4573,0.576
Goblin Barrel,Royal Delivery,3,3,6,0.4573,0.567
Goblin Barrel,Royal Giant,3,2,5,0.4573,0.6321
Goblin Barrel,Rune Giant,1,0,1,0.4573,0.576
Goblin Barrel,Suspicious Bush,8,4,12,0.4573,0.7617
Goblin Barrel,The Log,3,11,14,0.4573,0.332
Goblin Barrel,Tombstone,5,7,12,0.4573,0.4402
Goblin Barrel,Vines,3,5,8,0.4573,0.42
Goblin Barrel,Witch,0,1,1,0.4573,0.567
Goblin Barrel,Wizard,0,0,0,0.4573,0.5625
Goblin Barrel,X-Bow,2,2,4,0.4573,0.5359
Goblin Barrel,Zappies,0,0,0,0.4573,0.5625
Goblin Demolisher,Baby Dragon,3,1,4,0.7387,0.6891
Goblin Demolisher,Barbarian Hut,0,2,2,0.7387,0.4861
Goblin Demolisher,Berserker,1,1,2,0.7387,0.4861
Goblin Demolisher,Dart Goblin,1,1,2,0.7387,0.4861
Goblin Demolisher,Electro Spirit,2,1,3,0.7387,0.6367
Goblin Demolisher,Electro Wizard,0,0,0,0.7387,0.5625
Goblin Demolisher,Elixir Golem,0,0,0,0.7387,0.5625
Goblin Demolisher,Executioner,0,0,0,0.7387,0.5625
Goblin Demolisher,Fireball,1,0,1,0.7387,0.576
Goblin Demolisher,Fisherman,0,0,0,0.7387,0.5625
Goblin Demolisher,Flying Machine,2,0,2,0.7387,0.625
Goblin Demolisher,Furnace,1,0,1,0.7387,0.576
Goblin Demolisher,Giant,2,0,2,0.7387,0.625
Goblin Demolisher,Giant Snowball,0,0,0,0.7387,0.5625
Goblin Demolisher,Goblin Barrel,2,0,2,0.7387,0.625
Goblin Demolisher,Goblin Drill,0,0,0,0.7387,0.5625
Goblin Demolisher,Goblin Giant,1,0,1,0.7387,0.576
Goblin Demolisher,Goblin Hut,2,0,2,0.7387,0.625
Goblin Demolisher,Golem,0,0,0,0.7387,0.5625
Goblin Demolisher,Graveyard,2,1,3,0.7387,0.6367
Goblin Demolisher,Hunter,0,0,0,0.7387,0.5625
Goblin Demolisher,Ice Spirit,2,0,2,0.7387,0.625
Goblin Demolisher,Ice Wizard,0,0,0,0.7387,0.5625
Goblin Demolisher,Inferno Tower,0,0,0,0.7387,0.5625
Goblin Demolisher,Knight,2,1,3,0.7387,0.6367
Goblin Demolisher,Lava Hound,0,1,1,0.7387,0.567
Goblin Demolisher,Mega Knight,0,0,0,0.7387,0.5625
Goblin Demolisher,Mortar,0,0,0,0.7387,0.5625
Goblin Demolisher,Mother Witch,1,0,1,0.7387,0.576
Goblin Demolisher,Musketeer,4,2,6,0.7387,0.702
Goblin Demolisher,Night Witch,0,1,1,0.7387,0.567
Goblin Demolisher,P.E.K.K.A,0,0,0,0.7387,0.5625
Goblin Demolisher,Poison,2,3,5,0.7387,0.4688
Goblin Demolisher,Princess,0,0,0,0.7387,0.5625
Goblin Demolisher,Rage,0,1,1,0.7387,0.567
Goblin Demolisher,Ram Rider,1,1,2,0.7387,0.4861
Goblin Demolisher,Rascals,1,0,1,0.7387,0.576
Goblin Demolisher,Rocket,1,0,1,0.7387,0.576
Goblin Demolisher,Royal Delivery,1,0,1,0.7387,0.576
Goblin Demolisher,Royal Giant,1,1,2,0.7387,0.4861
Goblin Demolisher,Rune Giant,0,0,0,0.7387,0.5625
Goblin Demolisher,Suspicious Bush,2,1,3,0.7387,0.6367
Goblin Demolisher,The Log,3,1,4,0.7387,0.6891
Goblin Demolisher,Tombstone,3,2,5,0.7387,0.6321
Goblin Demolisher,Vines,3,2,5,0.7387,0.6321
Goblin Demolisher,Witch,0,0,0,0.7387,0.5625
Goblin Demolisher,Wizard,0,0,0,0.7387,0.5625
Goblin Demolisher,X-Bow,1,0,1,0.7387,0.576
Goblin Demolisher,Zappies,0,0,0,0.7387,0.5625
Goblin Drill,Baby Dragon,0,0,0,0.567,0.5625
Goblin Drill,Barbarian Hut,0,1,1,0.567,0.567
Goblin Drill,Berserker,0,0,0,0.567,0.5625
Goblin Drill,Dart Goblin,0,0,0,0.567,0.5625
Goblin Drill,Electro Spirit,0,0,0,0.567,0.5625
Goblin Drill,Electro Wizard,0,0,0,0.567,0.5625
Goblin Drill,Elixir Golem,0,0,0,0.567,0.5625
Goblin Drill,Executioner,0,0,0,0.567,0.5625
Goblin Drill,Fireball,0,0,0,0.567,0.5625
Goblin Drill,Fisherman,0,0,0,0.567,0.5625
Goblin Drill,Flying Machine,0,0,0,0.567,0.5625
Goblin Drill,Furnace,0,0,0,0.567,0.5625
Goblin Drill,Giant,0,0,0,0.567,0.5625
Goblin Drill,Giant Snowball,0,0,0,0.567,0.5625
Goblin Drill,Goblin Barrel,0,1,1,0.567,0.567
Goblin Drill,Goblin Demolisher,0,0,0,0.567,0.5625
Goblin Drill,Goblin Giant,0,0,0,0.567,0.5625
Goblin Drill,Goblin Hut,0,0,0,0.567,0.5625
Goblin Drill,Golem,0,1,1,0.567,0.567
Goblin Drill,Graveyard,0,0,0,0.567,0.5625
Goblin Drill,Hunter,0,0,0,0.567,0.5625
Goblin Drill,Ice Spirit,0,1,1,0.567,0.567
Goblin Drill,Ice Wizard,0,0,0,0.567,0.5625
Goblin Drill,Inferno Tower,0,0,0,0.567,0.5625
Goblin Drill,Knight,0,0,0,0.567,0.5625
Goblin Drill,Lava Hound,0,0,0,0.567,0.5625
Goblin Drill,Mega Knight,0,0,0,0.567,0.5625
Goblin Drill,Mortar,0,0,0,0.567,0.5625
Goblin Drill,Mother Witch,0,0,0,0.567,0.5625
Goblin Drill,Musketeer,0,1,1,0.567,0.567
Goblin Drill,Night Witch,0,0,0,0.567,0.5625
Goblin Drill,P.E.K.K.A,0,0,0,0.567,0.5625
Goblin Drill,Poison,0,0,0,0.567,0.5625
Goblin Drill,Princess,0,0,0,0.567,0.5625
Goblin Drill,Rage,0,0,0,0.567,0.5625
Goblin Drill,Ram Rider,0,1,1,0.567,0.567
Goblin Drill,Rascals,0,0,0,0.567,0.5625
Goblin Drill,Rocket,0,0,0,0.567,0.5625
Goblin Drill,Royal Delivery,0,1,1,0.567,0.567
Goblin Drill,Royal Giant,0,0,0,0.567,0.5625
Goblin Drill,Rune Giant,0,0,0,0.567,0.5625
Goblin Drill,Suspicious Bush,0,0,0,0.567,0.5625
Goblin Drill,The Log,0,1,1,0.567,0.567
Goblin Drill,Tombstone,0,0,0,0.567,0.5625
Goblin Drill,Vines,0,0,0,0.567,0.5625
Goblin Drill,Witch,0,0,0,0.567,0.5625
Goblin Drill,Wizard,0,0,0,0.567,0.5625
Goblin Drill,X-Bow,0,0,0,0.567,0.5625
Goblin Drill,Zappies,0,0,0,0.567,0.5625
Goblin Giant,Baby Dragon,2,0,2,0.637,0.625
Goblin Giant,Barbarian Hut,0,0,0,0.637,0.5625
Goblin Giant,Berserker,0,0,0,0.637,0.5625
Goblin Giant,Dart Goblin,2,0,2,0.637,0.625
Goblin Giant,Electro Spirit,2,0,2,0.637,0.625
Goblin Giant,Electro Wizard,0,0,0,0.637,0.5625
Goblin Giant,Elixir Golem,0,0,0,0.637,0.5625
Goblin Giant,Executioner,0,0,0,0.637,0.5625
Goblin Giant,Fireball,0,1,1,0.637,0.567
Goblin Giant,Fisherman,0,0,0,0.637,0.5625
Goblin Giant,Flying Machine,2,0,2,0.637,0.625
Goblin Giant,Furnace,0,0,0,0.637,0.5625
Goblin Giant,Giant,2,0,2,0.637,0.625
Goblin Giant,Giant Snowball,0,0,0,0.637,0.5625
Goblin Giant,Goblin Barrel,0,0,0,0.637,0.5625
Goblin Giant,Goblin Demolisher,0,1,1,0.637,0.567
Goblin Giant,Goblin Drill,0,0,0,0.637,0.5625
Goblin Giant,Goblin Hut,0,0,0,0.637,0.5625
Goblin Giant,Golem,0,0,0,0.637,0.5625
Goblin Giant,Graveyard,0,1,1,0.637,0.567
Goblin Giant,Hunter,0,0,0,0.637,0.5625
Goblin Giant,Ice Spirit,0,0,0,0.637,0.5625
Goblin Giant,Ice Wizard,0,0,0,0.637,0.5625
Goblin Giant,Inferno Tower,0,0,0,0.637,0.5625
Goblin Giant,Knight,2,1,3,0.637,0.6367
Goblin Giant,Lava Hound,0,0,0,0.637,0.5625
Goblin Giant,Mega Knight,0,0,0,0.637,0.5625
Goblin Giant,Mortar,0,0,0,0.637,0.5625
Goblin Giant,Mother Witch,0,0,0,0.637,0.5625
Goblin Giant,Musketeer,0,1,1,0.637,0.567
Goblin Giant,Night Witch,0,0,0,0.637,0.5625
Goblin Giant,P.E.K.K.A,0,0,0,0.637,0.5625
Goblin Giant,Poison,2,0,2,0.637,0.625
Goblin Giant,Princess,0,0,0,0.637,0.5625
Goblin Giant,Rage,0,0,0,0.637,0.5625
Goblin Giant,Ram Rider,0,0,0,0.637,0.5625
Goblin Giant,Rascals,0,1,1,0.637,0.567
Goblin Giant,Rocket,0,0,0,0.637,0.5625
Goblin Giant,Royal Delivery,0,1,1,0.637,0.567
Goblin Giant,Royal Giant,0,0,0,0.637,0.5625
Goblin Giant,Rune Giant,0,0,0,0.637,0.5625
Goblin Giant,Suspicious Bush,0,0,0,0.637,0.5625
Goblin Giant,The Log,2,1,3,0.637,0.6367
Goblin Giant,Tombstone,0,0,0,0.637,0.5625
Goblin Giant,Vines,0,0,0,0.637,0.5625
Goblin Giant,Witch,0,0,0,0.637,0.5625
Goblin Giant,Wizard,0,0,0,0.637,0.5625
Goblin Giant,X-Bow,0,0,0,0.637,0.5625
Goblin Giant,Zappies,0,0,0,0.637,0.5625
Goblin Hut,Baby Dragon,8,4,12,0.7505,0.7617
Goblin Hut,Barbarian Hut,3,3,6,0.7505,0.567
Goblin Hut,Berserker,5,0,5,0.7505,0.7111
Goblin Hut,Dart Goblin,7,2,9,0.7505,0.7669
Goblin Hut,Electro Spirit,6,2,8,0.7505,0.7562
Goblin Hut,Electro Wizard,2,3,5,0.7505,0.4688
Goblin Hut,Elixir Golem,1,0,1,0.7505,0.576
Goblin Hut,Executioner,0,3,3,0.7505,0.4392
Goblin Hut,Fireball,8,5,13,0.7505,0.7223
Goblin Hut,Fisherman,1,0,1,0.7505,0.576
Goblin Hut,Flying Machine,8,3,11,0.7505,0.784
Goblin Hut,Furnace,0,0,0,0.7505,0.5625
Goblin Hut,Giant,3,1,4,0.7505,0.6891
Goblin Hut,Giant Snowball,1,0,1,0.7505,0.576
Goblin Hut,Goblin Barrel,9,7,16,0.7505,0.6882
Goblin Hut,Goblin Demolisher,0,2,2,0.7505,0.4861
Goblin Hut,Goblin Drill,0,0,0,0.7505,0.5625
Goblin Hut,Goblin Giant,0,0,0,0.7505,0.5625
Goblin Hut,Golem,3,2,5,0.7505,0.6321
Goblin Hut,Graveyard,6,7,13,0.7505,0.4777
Goblin Hut,Hunter,0,0,0,0.7505,0.5625
Goblin Hut,Ice Spirit,11,9,20,0.7505,0.6888
Goblin Hut,Ice Wizard,1,0,1,0.7505,0.576
Goblin Hut,Inferno Tower,0,0,0,0.7505,0.5625
Goblin Hut,Knight,9,6,15,0.7505,0.718
Goblin Hut,Lava Hound,1,3,4,0.7505,0.4097
Goblin Hut,Mega Knight,0,2,2,0.7505,0.4861
Goblin Hut,Mortar,0,0,0,0.7505,0.5625
Goblin Hut,Mother Witch,2,0,2,0.7505,0.625
Goblin Hut,Musketeer,8,9,17,0.7505,0.4808
Goblin Hut,Night Witch,0,3,3,0.7505,0.4392
Goblin Hut,P.E.K.K.A,2,0,2,0.7505,0.625
Goblin Hut,Poison,11,7,18,0.7505,0.739
Goblin Hut,Princess,1,0,1,0.7505,0.576
Goblin Hut,Rage,1,2,3,0.7505,0.4636
Goblin Hut,Ram Rider,4,3,7,0.7505,0.6375
Goblin Hut,Rascals,7,6,13,0.7505,0.6541
Goblin Hut,Rocket,0,0,0,0.7505,0.5625
Goblin Hut,Royal Delivery,5,2,7,0.7505,0.7438
Goblin Hut,Royal Giant,3,0,3,0.7505,0.6612
Goblin Hut,Rune Giant,3,2,5,0.7505,0.6321
Goblin Hut,Suspicious Bush,11,6,17,0.7505,0.7683
Goblin Hut,The Log,11,10,21,0.7505,0.6671
Goblin Hut,Tombstone,11,13,24,0.7505,0.4654
Goblin Hut,Vines,8,6,14,0.7505,0.6881
Goblin Hut,Witch,6,3,9,0.7505,0.7385
Goblin Hut,Wizard,1,0,1,0.7505,0.576
Goblin Hut,X-Bow,4,0,4,0.7505,0.6891
Goblin Hut,Zappies,0,0,0,0.7505,0.5625
Golem,Baby Dragon,2,4,6,0.4781,0.4027
Golem,Barbarian Hut,0,2,2,0.4781,0.4861
Golem,Berserker,2,0,2,0.4781,0.625
Golem,Dart Goblin,2,0,2,0.4781,0.625
Golem,Electro Spirit,1,3,4,0.4781,0.4097
Golem,Electro Wizard,1,1,2,0.4781,0.4861
Golem,Elixir Golem,0,0,0,0.4781,0.5625
Golem,Executioner,0,1,1,0.4781,0.567
Golem,Fireball,5,0,5,0.4781,0.7111
Golem,Fisherman,0,0,0,0.4781,0.5625
Golem,Flying Machine,4,5,9,0.4781,0.4737
Golem,Furnace,0,0,0,0.4781,0.5625
Golem,Giant,3,1,4,0.4781,0.6891
Golem,Giant Snowball,0,0,0,0.4781,0.5625
Golem,Goblin Barrel,3,3,6,0.4781,0.567
Golem,Goblin Demolisher,0,0,0,0.4781,0.5625
Golem,Goblin Drill,1,0,1,0.4781,0.576
Golem,Goblin Giant,0,0,0,0.4781,0.5625
Golem,Goblin Hut,2,3,5,0.4781,0.4688
Golem,Graveyard,0,3,3,0.4781,0.4392
Golem,Hunter,0,0,0,0.4781,0.5625
Golem,Ice Spirit,2,3,5,0.4781,0.4688
Golem,Ice Wizard,0,0,0,0.4781,0.5625
Golem,Inferno Tower,0,0,0,0.4781,0.5625
Golem,Knight,4,5,9,0.4781,0.4737
Golem,Lava Hound,1,0,1,0.4781,0.576
Golem,Mega Knight,0,0,0,0.4781,0.5625
Golem,Mortar,0,0,0,0.4781,0.5625
Golem,Mother Witch,0,0,0,0.4781,0.5625
Golem,Musketeer,0,3,3,0.4781,0.4392
Golem,Night Witch,0,0,0,0.4781,0.5625
Golem,P.E.K.K.A,0,1,1,0.4781,0.567
Golem,Poison,2,4,6,0.4781,0.4027
Golem,Princess,0,1,1,0.4781,0.567
Golem,Rage,1,0,1,0.4781,0.576
Golem,Ram Rider,1,0,1,0.4781,0.576
Golem,Rascals,0,1,1,0.4781,0.567
Golem,Rocket,0,0,0,0.4781,0.5625
Golem,Royal Delivery,1,1,2,0.4781,0.4861
Golem,Royal Giant,0,0,0,0.4781,0.5625
Golem,Rune Giant,1,0,1,0.4781,0.576
Golem,Suspicious Bush,2,0,2,0.4781,0.625
Golem,The Log,1,4,5,0.4781,0.3898
Golem,Tombstone,2,2,4,0.4781,0.5359
Golem,Vines,1,3,4,0.4781,0.4097
Golem,Witch,1,2,3,0.4781,0.4636
Golem,Wizard,0,0,0,0.4781,0.5625
Golem,X-Bow,2,0,2,0.4781,0.625
Golem,Zappies,0,0,0,0.4781,0.5625
Graveyard,Baby Dragon,2,0,2,0.7729,0.625
Graveyard,Barbarian Hut,2,2,4,0.7729,0.5359
Graveyard,Berserker,0,0,0,0.7729,0.5625
Graveyard,Dart Goblin,5,2,7,0.7729,0.7438
Graveyard,Electro Spirit,6,1,7,0.7729,0.7438
Graveyard,Electro Wizard,2,2,4,0.7729,0.5359
Graveyard,Elixir Golem,0,0,0,0.7729,0.5625
Graveyard,Executioner,0,0,0,0.7729,0.5625
Graveyard,Fireball,6,5,11,0.7729,0.6494
Graveyard,Fisherman,0,0,0,0.7729,0.5625
Graveyard,Flying Machine,5,2,7,0.7729,0.7438
Graveyard,Furnace,1,0,1,0.7729,0.576
Graveyard,Giant,1,3,4,0.7729,0.4097
Graveyard,Giant Snowball,1,0,1,0.7729,0.576
Graveyard,Goblin Barrel,2,0,2,0.7729,0.625
Graveyard,Goblin Demolisher,1,2,3,0.7729,0.4636
Graveyard,Goblin Drill,0,0,0,0.7729,0.5625
Graveyard,Goblin Giant,1,0,1,0.7729,0.576
Graveyard,Goblin Hut,7,6,13,0.7729,0.6541
Graveyard,Golem,3,0,3,0.7729,0.6612
Graveyard,Hunter,0,0,0,0.7729,0.5625
Graveyard,Ice Spirit,3,0,3,0.7729,0.6612
Graveyard,Ice Wizard,0,0,0,0.7729,0.5625
Graveyard,Inferno Tower,0,0,0,0.7729,0.5625
Graveyard,Knight,7,5,12,0.7729,0.6885
Graveyard,Lava Hound,3,1,4,0.7729,0.6891
Graveyard,Mega Knight,0,0,0,0.7729,0.5625
Graveyard,Mortar,0,0,0,0.7729,0.5625
Graveyard,Mother Witch,2,1,3,0.7729,0.6367
Graveyard,Musketeer,6,5,11,0.7729,0.6494
Graveyard,Night Witch,0,2,2,0.7729,0.4861
Graveyard,P.E.K.K.A,2,0,2,0.7729,0.625
Graveyard,Poison,4,2,6,0.7729,0.702
Graveyard,Princess,0,0,0,0.7729,0.5625
Graveyard,Rage,1,1,2,0.7729,0.4861
Graveyard,Ram Rider,4,5,9,0.7729,0.4737
Graveyard,Rascals,5,4,9,0.7729,0.6438
Graveyard,Rocket,1,0,1,0.7729,0.576
Graveyard,Royal Delivery,2,0,2,0.7729,0.625
Graveyard,Royal Giant,0,0,0,0.7729,0.5625
Graveyard,Rune Giant,0,0,0,0.7729,0.5625
Graveyard,Suspicious Bush,2,2,4,0.7729,0.5359
Graveyard,The Log,4,5,9,0.7729,0.4737
Graveyard,Tombstone,5,2,7,0.7729,0.7438
Graveyard,Vines,6,2,8,0.7729,0.7562
Graveyard,Witch,7,0,7,0.7729,0.7438
Graveyard,Wizard,1,1,2,0.7729,0.4861
Graveyard,X-Bow,2,1,3,0.7729,0.6367
Graveyard,Zappies,0,0,0,0.7729,0.5625
Hunter,Baby Dragon,0,0,0,0.567,0.5625
Hunter,Barbarian Hut,0,1,1,0.567,0.567
Hunter,Berserker,0,1,1,0.567,0.567
Hunter,Dart Goblin,0,0,0,0.567,0.5625
Hunter,Electro Spirit,0,1,1,0.567,0.567
Hunter,Electro Wizard,0,0,0,0.567,0.5625
Hunter,Elixir Golem,0,0,0,0.567,0.5625
Hunter,Executioner,0,0,0,0.567,0.5625
Hunter,Fireball,0,0,0,0.567,0.5625
Hunter,Fisherman,0,0,0,0.567,0.5625
Hunter,Flying Machine,0,0,0,0.567,0.5625
Hunter,Furnace,0,0,0,0.567,0.5625
Hunter,Giant,0,0,0,0.567,0.5625
Hunter,Giant Snowball,0,0,0,0.567,0.5625
Hunter,Goblin Barrel,0,0,0,0.567,0.5625
Hunter,Goblin Demolisher,0,0,0,0.567,0.5625
Hunter,Goblin Drill,0,0,0,0.567,0.5625
Hunter,Goblin Giant,0,0,0,0.567,0.5625
Hunter,Goblin Hut,0,0,0,0.567,0.5625
Hunter,Golem,0,0,0,0.567,0.5625
Hunter,Graveyard,0,0,0,0.567,0.5625
Hunter,Ice Spirit,0,0,0,0.567,0.5625
Hunter,Ice Wizard,0,0,0,0.567,0.5625
Hunter,Inferno Tower,0,0,0,0.567,0.5625
Hunter,Knight,0,0,0,0.567,0.5625
Hunter,Lava Hound,0,0,0,0.567,0.5625
Hunter,Mega Knight,0,0,0,0.567,0.5625
Hunter,Mortar,0,0,0,0.567,0.5625
Hunter,Mother Witch,0,0,0,0.567,0.5625
Hunter,Musketeer,0,1,1,0.567,0.567
Hunter,Night Witch,0,0,0,0.567,0.5625
Hunter,P.E.K.K.A,0,0,0,0.567,0.5625
Hunter,Poison,0,1,1,0.567,0.567
Hunter,Princess,0,0,0,0.567,0.5625
Hunter,Rage,0,0,0,0.567,0.5625
Hunter,Ram Rider,0,0,0,0.567,0.5625
Hunter,Rascals,0,0,0,0.567,0.5625
Hunter,Rocket,0,0,0,0.567,0.5625
Hunter,Royal Delivery,0,0,0,0.567,0.5625
Hunter,Royal Giant,0,1,1,0.567,0.567
Hunter,Rune Giant,0,0,0,0.567,0.5625
Hunter,Suspicious Bush,0,0,0,0.567,0.5625
Hunter,The Log,0,0,0,0.567,0.5625
Hunter,Tombstone,0,1,1,0.567,0.567
Hunter,Vines,0,1,1,0.567,0.567
Hunter,Witch,0,0,0,0.567,0.5625
Hunter,Wizard,0,0,0,0.567,0.5625
Hunter,X-Bow,0,0,0,0.567,0.5625
Hunter,Zappies,0,0,0,0.567,0.5625
Ice Spirit,Baby Dragon,6,3,9,0.4888,0.7385
Ice Spirit,Barbarian Hut,2,5,7,0.4888,0.3651
Ice Spirit,Berserker,3,1,4,0.4888,0.6891
Ice Spirit,Dart Goblin,3,5,8,0.4888,0.42
Ice Spirit,Electro Spirit,8,5,13,0.4888,0.7223
Ice Spirit,Electro Wizard,0,2,2,0.4888,0.4861
Ice Spirit,Elixir Golem,0,0,0,0.4888,0.5625
Ice Spirit,Executioner,2,2,4,0.4888,0.5359
Ice Spirit,Fireball,10,7,17,0.4888,0.715
Ice Spirit,Fisherman,0,0,0,0.4888,0.5625
Ice Spirit,Flying Machine,7,2,9,0.4888,0.7669
Ice Spirit,Furnace,0,0,0,0.4888,0.5625
Ice Spirit,Giant,4,5,9,0.4888,0.4737
Ice Spirit,Giant Snowball,1,0,1,0.4888,0.576
Ice Spirit,Goblin Barrel,6,1,7,0.4888,0.7438
Ice Spirit,Goblin Demolisher,0,2,2,0.4888,0.4861
Ice Spirit,Goblin Drill,1,0,1,0.4888,0.576
Ice Spirit,Goblin Giant,0,0,0,0.4888,0.5625
Ice Spirit,Goblin Hut,9,11,20,0.4888,0.4598
Ice Spirit,Golem,3,2,5,0.4888,0.6321
Ice Spirit,Graveyard,0,3,3,0.4888,0.4392
Ice Spirit,Hunter,0,0,0,0.4888,0.5625
Ice Spirit,Ice Wizard,1,0,1,0.4888,0.576
Ice Spirit,Inferno Tower,1,0,1,0.4888,0.576
Ice Spirit,Knight,12,16,28,0.4888,0.4361
Ice Spirit,Lava Hound,1,2,3,0.4888,0.4636
Ice Spirit,Mega Knight,0,1,1,0.4888,0.567
Ice Spirit,Mortar,0,0,0,0.4888,0.5625
Ice Spirit,Mother Witch,2,0,2,0.4888,0.625
Ice Spirit,Musketeer,5,12,17,0.4888,0.3261
Ice Spirit,Night Witch,0,1,1,0.4888,0.567
Ice Spirit,P.E.K.K.A,0,0,0,0.4888,0.5625
Ice Spirit,Poison,2,6,8,0.4888,0.357
Ice Spirit,Princess,0,1,1,0.4888,0.567
Ice Spirit,Rage,2,1,3,0.4888,0.6367
Ice Spirit,Ram Rider,4,8,12,0.4888,0.3669
Ice Spirit,Rascals,6,5,11,0.4888,0.6494
Ice Spirit,Rocket,0,0,0,0.4888,0.5625
Ice Spirit,Royal Delivery,3,2,5,0.4888,0.6321
Ice Spirit,Royal Giant,2,1,3,0.4888,0.6367
Ice Spirit,Rune Giant,0,0,0,0.4888,0.5625
Ice Spirit,Suspicious Bush,8,4,12,0.4888,0.7617
Ice Spirit,The Log,5,10,15,0.4888,0.3597
Ice Spirit,Tombstone,5,7,12,0.4888,0.4402
Ice Spirit,Vines,6,8,14,0.4888,0.4467
Ice Spirit,Witch,4,0,4,0.4888,0.6891
Ice Spirit,Wizard,0,1,1,0.4888,0.567
Ice Spirit,X-Bow,2,2,4,0.4888,0.5359
Ice Spirit,Zappies,0,0,0,0.4888,0.5625
Ice Wizard,Baby Dragon,0,0,0,0.567,0.5625
Ice Wizard,Barbarian Hut,0,1,1,0.567,0.567
Ice Wizard,Berserker,0,0,0,0.567,0.5625
Ice Wizard,Dart Goblin,0,0,0,0.567,0.5625
Ice Wizard,Electro Spirit,0,0,0,0.567,0.5625
Ice Wizard,Electro Wizard,0,0,0,0.567,0.5625
Ice Wizard,Elixir Golem,0,0,0,0.567,0.5625
Ice Wizard,Executioner,0,0,0,0.567,0.5625
Ice Wizard,Fireball,0,1,1,0.567,0.567
Ice Wizard,Fisherman,0,0,0,0.567,0.5625
Ice Wizard,Flying Machine,0,0,0,0.567,0.5625
Ice Wizard,Furnace,0,0,0,0.567,0.5625
Ice Wizard,Giant,0,0,0,0.567,0.5625
Ice Wizard,Giant Snowball,0,0,0,0.567,0.5625
Ice Wizard,Goblin Barrel,0,0,0,0.567,0.5625
Ice Wizard,Goblin Demolisher,0,0,0,0.567,0.5625
Ice Wizard,Goblin Drill,0,0,0,0.567,0.5625
Ice Wizard,Goblin Giant,0,0,0,0.567,0.5625
Ice Wizard,Goblin Hut,0,1,1,0.567,0.567
Ice Wizard,Golem,0,0,0,0.567,0.5625
Ice Wizard,Graveyard,0,0,0,0.567,0.5625
Ice Wizard,Hunter,0,0,0,0.567,0.5625
Ice Wizard,Ice Spirit,0,1,1,0.567,0.567
Ice Wizard,Inferno Tower,0,0,0,0.567,0.5625
Ice Wizard,Knight,0,1,1,0.567,0.567
Ice Wizard,Lava Hound,0,0,0,0.567,0.5625
Ice Wizard,Mega Knight,0,0,0,0.567,0.5625
Ice Wizard,Mortar,0,0,0,0.567,0.5625
Ice Wizard,Mother Witch,0,0,0,0.567,0.5625
Ice Wizard,Musketeer,0,0,0,0.567,0.5625
Ice Wizard,Night Witch,0,0,0,0.567,0.5625
Ice Wizard,P.E.K.K.A,0,0,0,0.567,0.5625
Ice Wizard,Poison,0,0,0,0.567,0.5625
Ice Wizard,Princess,0,0,0,0.567,0.5625
Ice Wizard,Rage,0,0,0,0.567,0.5625
Ice Wizard,Ram Rider,0,0,0,0.567,0.5625
Ice Wizard,Rascals,0,1,1,0.567,0.567
Ice Wizard,Rocket,0,0,0,0.567,0.5625
Ice Wizard,Royal Delivery,0,0,0,0.567,0.5625
Ice Wizard,Royal Giant,0,1,1,0.567,0.567
Ice Wizard,Rune Giant,0,1,1,0.567,0.567
Ice Wizard,Suspicious Bush,0,0,0,0.567,0.5625
Ice Wizard,The Log,0,0,0,0.567,0.5625
Ice Wizard,Tombstone,0,0,0,0.567,0.5625
Ice Wizard,Vines,0,0,0,0.567,0.5625
Ice Wizard,Witch,0,0,0,0.567,0.5625
Ice Wizard,Wizard,0,0,0,0.567,0.5625
Ice Wizard,X-Bow,0,0,0,0.567,0.5625
Ice Wizard,Zappies,0,0,0,0.567,0.5625
Inferno Tower,Baby Dragon,0,0,0,0.567,0.5625
Inferno Tower,Barbarian Hut,0,0,0,0.567,0.5625
Inferno Tower,Berserker,0,0,0,0.567,0.5625
Inferno Tower,Dart Goblin,0,0,0,0.567,0.5625
Inferno Tower,Electro Spirit,0,0,0,0.567,0.5625
Inferno Tower,Electro Wizard,0,0,0,0.567,0.5625
Inferno Tower,Elixir Golem,0,0,0,0.567,0.5625
Inferno Tower,Executioner,0,0,0,0.567,0.5625
Inferno Tower,Fireball,0,1,1,0.567,0.567
Inferno Tower,Fisherman,0,0,0,0.567,0.5625
Inferno Tower,Flying Machine,0,0,0,0.567,0.5625
Inferno Tower,Furnace,0,0,0,0.567,0.5625
Inferno Tower,Giant,0,0,0,0.567,0.5625
Inferno Tower,Giant Snowball,0,0,0,0.567,0.5625
Inferno Tower,Goblin Barrel,0,0,0,0.567,0.5625
Inferno Tower,Goblin Demolisher,0,0,0,0.567,0.5625
Inferno Tower,Goblin Drill,0,0,0,0.567,0.5625
Inferno Tower,Goblin Giant,0,0,0,0.567,0.5625
Inferno Tower,Goblin Hut,0,0,0,0.567,0.5625
Inferno Tower,Golem,0,0,0,0.567,0.5625
Inferno Tower,Graveyard,0,0,0,0.567,0.5625
Inferno Tower,Hunter,0,0,0,0.567,0.5625
Inferno Tower,Ice Spirit,0,1,1,0.567,0.567
Inferno Tower,Ice Wizard,0,0,0,0.567,0.5625
Inferno Tower,Knight,0,0,0,0.567,0.5625
Inferno Tower,Lava Hound,0,1,1,0.567,0.567
Inferno Tower,Mega Knight,0,0,0,0.567,0.5625
Inferno Tower,Mortar,0,0,0,0.567,0.5625
Inferno Tower,Mother Witch,0,0,0,0.567,0.5625
Inferno Tower,Musketeer,0,1,1,0.567,0.567
Inferno Tower,Night Witch,0,0,0,0.567,0.5625
Inferno Tower,P.E.K.K.A,0,0,0,0.567,0.5625
Inferno Tower,Poison,0,0,0,0.567,0.5625
Inferno Tower,Princess,0,0,0,0.567,0.5625
Inferno Tower,Rage,0,0,0,0.567,0.5625
Inferno Tower,Ram Rider,0,1,1,0.567,0.567
Inferno Tower,Rascals,0,0,0,0.567,0.5625
Inferno Tower,Rocket,0,0,0,0.567,0.5625
Inferno Tower,Royal Delivery,0,0,0,0.567,0.5625
Inferno Tower,Royal Giant,0,0,0,0.567,0.5625
Inferno Tower,Rune Giant,0,0,0,0.567,0.5625
Inferno Tower,Suspicious Bush,0,0,0,0.567,0.5625
Inferno Tower,The Log,0,1,1,0.567,0.567
Inferno Tower,Tombstone,0,1,1,0.567,0.567
Inferno Tower,Vines,0,1,1,0.567,0.567
Inferno Tower,Witch,0,0,0,0.567,0.5625
Inferno Tower,Wizard,0,0,0,0.567,0.5625
Inferno Tower,X-Bow,0,0,0,0.567,0.5625
Inferno Tower,Zappies,0,0,0,0.567,0.5625
Knight,Baby Dragon,6,3,9,0.7321,0.7385
Knight,Barbarian Hut,2,4,6,0.7321,0.4027
Knight,Berserker,3,1,4,0.7321,0.6891
Knight,Dart Goblin,4,1,5,0.7321,0.7111
Knight,Electro Spirit,10,4,14,0.7321,0.8028
Knight,Electro Wizard,7,4,11,0.7321,0.7286
Knight,Elixir Golem,1,0,1,0.7321,0.576
Knight,Executioner,0,4,4,0.7321,0.4097
Knight,Fireball,9,9,18,0.7321,0.6378
Knight,Fisherman,1,0,1,0.7321,0.576
Knight,Flying Machine,9,2,11,0.7321,0.784
Knight,Furnace,2,0,2,0.7321,0.625
Knight,Giant,4,4,8,0.7321,0.5882
Knight,Giant Snowball,2,0,2,0.7321,0.625
Knight,Goblin Barrel,9,8,17,0.7321,0.6616
Knight,Goblin Demolisher,1,2,3,0.7321,0.4636
Knight,Goblin Drill,0,0,0,0.7321,0.5625
Knight,Goblin Giant,1,2,3,0.7321,0.4636
Knight,Goblin Hut,6,9,15,0.7321,0.4195
Knight,Golem,5,4,9,0.7321,0.6438
Knight,Graveyard,5,7,12,0.7321,0.4402
Knight,Hunter,0,0,0,0.7321,0.5625
Knight,Ice Spirit,16,12,28,0.7321,0.724
Knight,Ice Wizard,1,0,1,0.7321,0.576
Knight,Inferno Tower,0,0,0,0.7321,0.5625
Knight,Lava Hound,0,1,1,0.7321,0.567
Knight,Mega Knight,1,3,4,0.7321,0.4097
Knight,Mortar,0,0,0,0.7321,0.5625
Knight,Mother Witch,2,1,3,0.7321,0.6367
Knight,Musketeer,10,16,26,0.7321,0.3958
Knight,Night Witch,1,4,5,0.7321,0.3898
Knight,P.E.K.K.A,1,0,1,0.7321,0.576
Knight,Poison,11,8,19,0.7321,0.7127
Knight,Princess,2,1,3,0.7321,0.6367
Knight,Rage,1,0,1,0.7321,0.576
Knight,Ram Rider,4,4,8,0.7321,0.5882
Knight,Rascals,12,7,19,0.7321,0.7608
Knight,Rocket,2,0,2,0.7321,0.625
Knight,Royal Delivery,5,5,10,0.7321,0.6036
Knight,Royal Giant,4,1,5,0.7321,0.7111
Knight,Rune Giant,5,2,7,0.7321,0.7438
Knight,Suspicious Bush,15,7,22,0.7321,0.8153
Knight,The Log,8,12,20,0.7321,0.4138
Knight,Tombstone,15,12,27,0.7321,0.7076
Knight,Vines,7,10,17,0.7321,0.4275
Knight,Witch,8,2,10,0.7321,0.776
Knight,Wizard,1,0,1,0.7321,0.576
Knight,X-Bow,5,0,5,0.7321,0.7111
Knight,Zappies,0,0,0,0.7321,0.5625
Lava Hound,Baby Dragon,0,1,1,0.6932,0.567
Lava Hound,Barbarian Hut,0,1,1,0.6932,0.567
Lava Hound,Berserker,0,0,0,0.6932,0.5625
Lava Hound,Dart Goblin,0,0,0,0.6932,0.5625
Lava Hound,Electro Spirit,1,0,1,0.6932,0.576
Lava Hound,Electro Wizard,3,0,3,0.6932,0.6612
Lava Hound,Elixir Golem,0,0,0,0.6932,0.5625
Lava Hound,Executioner,1,1,2,0.6932,0.4861
Lava Hound,Fireball,2,1,3,0.6932,0.6367
Lava Hound,Fisherman,0,0,0,0.6932,0.5625
Lava Hound,Flying Machine,0,0,0,0.6932,0.5625
Lava Hound,Furnace,0,0,0,0.6932,0.5625
Lava Hound,Giant,2,0,2,0.6932,0.625
Lava Hound,Giant Snowball,2,0,2,0.6932,0.625
Lava Hound,Goblin Barrel,2,1,3,0.6932,0.6367
Lava Hound,Goblin Demolisher,1,0,1,0.6932,0.576
Lava Hound,Goblin Drill,0,0,0,0.6932,0.5625
Lava Hound,Goblin Giant,0,0,0,0.6932,0.5625
Lava Hound,Goblin Hut,3,1,4,0.6932,0.6891
Lava Hound,Golem,0,1,1,0.6932,0.567
Lava Hound,Graveyard,1,3,4,0.6932,0.4097
Lava Hound,Hunter,0,0,0,0.6932,0.5625
Lava Hound,Ice Spirit,2,1,3,0.6932,0.6367
Lava Hound,Ice Wizard,0,0,0,0.6932,0.5625
Lava Hound,Inferno Tower,1,0,1,0.6932,0.576
Lava Hound,Knight,1,0,1,0.6932,0.576
Lava Hound,Mega Knight,2,2,4,0.6932,0.5359
Lava Hound,Mortar,0,0,0,0.6932,0.5625
Lava Hound,Mother Witch,0,0,0,0.6932,0.5625
Lava Hound,Musketeer,0,2,2,0.6932,0.4861
Lava Hound,Night Witch,1,2,3,0.6932,0.4636
Lava Hound,P.E.K.K.A,0,0,0,0.6932,0.5625
Lava Hound,Poison,1,0,1,0.6932,0.576
Lava Hound,Princess,1,0,1,0.6932,0.576
Lava Hound,Rage,1,0,1,0.6932,0.576
Lava Hound,Ram Rider,2,0,2,0.6932,0.625
Lava Hound,Rascals,2,0,2,0.6932,0.625
Lava Hound,Rocket,0,0,0,0.6932,0.5625
Lava Hound,Royal Delivery,3,0,3,0.6932,0.6612
Lava Hound,Royal Giant,0,0,0,0.6932,0.5625
Lava Hound,Rune Giant,2,1,3,0.6932,0.6367
Lava Hound,Suspicious Bush,2,3,5,0.6932,0.4688
Lava Hound,The Log,0,1,1,0.6932,0.567
Lava Hound,Tombstone,1,1,2,0.6932,0.4861
Lava Hound,Vines,0,1,1,0.6932,0.567
Lava Hound,Witch,0,0,0,0.6932,0.5625
Lava Hound,Wizard,0,0,0,0.6932,0.5625
Lava Hound,X-Bow,0,0,0,0.6932,0.5625
Lava Hound,Zappies,0,0,0,0.6932,0.5625
Mega Knight,Baby Dragon,0,0,0,0.7023,0.5625
Mega Knight,Barbarian Hut,0,0,0,0.7023,0.5625
Mega Knight,Berserker,0,0,0,0.7023,0.5625
Mega Knight,Dart Goblin,2,1,3,0.7023,0.6367
Mega Knight,Electro Spirit,0,0,0,0.7023,0.5625
Mega Knight,Electro Wizard,1,0,1,0.7023,0.576
Mega Knight,Elixir Golem,1,0,1,0.7023,0.576
Mega Knight,Executioner,1,1,2,0.7023,0.4861
Mega Knight,Fireball,2,1,3,0.7023,0.6367
Mega Knight,Fisherman,1,0,1,0.7023,0.576
Mega Knight,Flying Machine,0,0,0,0.7023,0.5625
Mega Knight,Furnace,0,0,0,0.7023,0.5625
Mega Knight,Giant,0,0,0,0.7023,0.5625
Mega Knight,Giant Snowball,0,0,0,0.7023,0.5625
Mega Knight,Goblin Barrel,1,1,2,0.7023,0.4861
Mega Knight,Goblin Demolisher,0,0,0,0.7023,0.5625
Mega Knight,Goblin Drill,0,0,0,0.7023,0.5625
Mega Knight,Goblin Giant,0,0,0,0.7023,0.5625
Mega Knight,Goblin Hut,2,0,2,0.7023,0.625
Mega Knight,Golem,0,0,0,0.7023,0.5625
Mega Knight,Graveyard,0,0,0,0.7023,0.5625
Mega Knight,Hunter,0,0,0,0.7023,0.5625
Mega Knight,Ice Spirit,1,0,1,0.7023,0.576
Mega Knight,Ice Wizard,0,0,0,0.7023,0.5625
Mega Knight,Inferno Tower,0,0,0,0.7023,0.5625
Mega Knight,Knight,3,1,4,0.7023,0.6891
Mega Knight,Lava Hound,2,2,4,0.7023,0.5359
Mega Knight,Mortar,0,0,0,0.7023,0.5625
Mega Knight,Mother Witch,0,0,0,0.7023,0.5625
Mega Knight,Musketeer,0,0,0,0.7023,0.5625
Mega Knight,Night Witch,0,1,1,0.7023,0.567
Mega Knight,P.E.K.K.A,0,0,0,0.7023,0.5625
Mega Knight,Poison,2,1,3,0.7023,0.6367
Mega Knight,Princess,0,0,0,0.7023,0.5625
Mega Knight,Rage,1,1,2,0.7023,0.4861
Mega Knight,Ram Rider,2,1,3,0.7023,0.6367
Mega Knight,Rascals,1,0,1,0.7023,0.576
Mega Knight,Rocket,0,0,0,0.7023,0.5625
Mega Knight,Royal Delivery,0,0,0,0.7023,0.5625
Mega Knight,Royal Giant,0,0,0,0.7023,0.5625
Mega Knight,Rune Giant,0,0,0,0.7023,0.5625
Mega Knight,Suspicious Bush,2,2,4,0.7023,0.5359
Mega Knight,The Log,1,0,1,0.7023,0.576
Mega Knight,Tombstone,2,1,3,0.7023,0.6367
Mega Knight,Vines,2,1,3,0.7023,0.6367
Mega Knight,Witch,1,0,1,0.7023,0.576
Mega Knight,Wizard,0,0,0,0.7023,0.5625
Mega Knight,X-Bow,1,1,2,0.7023,0.4861
Mega Knight,Zappies,0,0,0,0.7023,0.5625
Mortar,Baby Dragon,0,0,0,0.567,0.5625
Mortar,Barbarian Hut,0,1,1,0.567,0.567
Mortar,Berserker,0,1,1,0.567,0.567
Mortar,Dart Goblin,0,0,0,0.567,0.5625
Mortar,Electro Spirit,0,1,1,0.567,0.567
Mortar,Electro Wizard,0,0,0,0.567,0.5625
Mortar,Elixir Golem,0,0,0,0.567,0.5625
Mortar,Executioner,0,0,0,0.567,0.5625
Mortar,Fireball,0,0,0,0.567,0.5625
Mortar,Fisherman,0,0,0,0.567,0.5625
Mortar,Flying Machine,0,0,0,0.567,0.5625
Mortar,Furnace,0,0,0,0.567,0.5625
Mortar,Giant,0,0,0,0.567,0.5625
Mortar,Giant Snowball,0,0,0,0.567,0.5625
Mortar,Goblin Barrel,0,0,0,0.567,0.5625
Mortar,Goblin Demolisher,0,0,0,0.567,0.5625
Mortar,Goblin Drill,0,0,0,0.567,0.5625
Mortar,Goblin Giant,0,0,0,0.567,0.5625
Mortar,Goblin Hut,0,0,0,0.567,0.5625
Mortar,Golem,0,0,0,0.567,0.5625
Mortar,Graveyard,0,0,0,0.567,0.5625
Mortar,Hunter,0,0,0,0.567,0.5625
Mortar,Ice Spirit,0,0,0,0.567,0.5625
Mortar,Ice Wizard,0,0,0,0.567,0.5625
Mortar,Inferno Tower,0,0,0,0.567,0.5625
Mortar,Knight,0,0,0,0.567,0.5625
Mortar,Lava Hound,0,0,0,0.567,0.5625
Mortar,Mega Knight,0,0,0,0.567,0.5625
Mortar,Mother Witch,0,0,0,0.567,0.5625
Mortar,Musketeer,0,1,1,0.567,0.567
Mortar,Night Witch,0,0,0,0.567,0.5625
Mortar,P.E.K.K.A,0,0,0,0.567,0.5625
Mortar,Poison,0,1,1,0.567,0.567
Mortar,Princess,0,0,0,0.567,0.5625
Mortar,Rage,0,0,0,0.567,0.5625
Mortar,Ram Rider,0,0,0,0.567,0.5625
Mortar,Rascals,0,0,0,0.567,0.5625
Mortar,Rocket,0,0,0,0.567,0.5625
Mortar,Royal Delivery,0,0,0,0.567,0.5625
Mortar,Royal Giant,0,1,1,0.567,0.567
Mortar,Rune Giant,0,0,0,0.567,0.5625
Mortar,Suspicious Bush,0,0,0,0.567,0.5625
Mortar,The Log,0,0,0,0.567,0.5625
Mortar,Tombstone,0,1,1,0.567,0.567
Mortar,Vines,0,1,1,0.567,0.567
Mortar,Witch,0,0,0,0.567,0.5625
Mortar,Wizard,0,0,0,0.567,0.5625
Mortar,X-Bow,0,0,0,0.567,0.5625
Mortar,Zappies,0,0,0,0.567,0.5625
Mother Witch,Baby Dragon,0,0,0,0.4097,0.5625
Mother Witch,Barbarian Hut,0,0,0,0.4097,0.5625
Mother Witch,Berserker,0,0,0,0.4097,0.5625
Mother Witch,Dart Goblin,0,0,0,0.4097,0.5625
Mother Witch,Electro Spirit,1,2,3,0.4097,0.4636
Mother Witch,Electro Wizard,0,1,1,0.4097,0.567
Mother Witch,Elixir Golem,0,0,0,0.4097,0.5625
Mother Witch,Executioner,0,0,0,0.4097,0.5625
Mother Witch,Fireball,0,2,2,0.4097,0.4861
Mother Witch,Fisherman,0,0,0,0.4097,0.5625
Mother Witch,Flying Machine,0,2,2,0.4097,0.4861
Mother Witch,Furnace,0,0,0,0.4097,0.5625
Mother Witch,Giant,0,0,0,0.4097,0.5625
Mother Witch,Giant Snowball,0,0,0,0.4097,0.5625
Mother Witch,Goblin Barrel,1,0,1,0.4097,0.576
Mother Witch,Goblin Demolisher,0,1,1,0.4097,0.567
Mother Witch,Goblin Drill,0,0,0,0.4097,0.5625
Mother Witch,Goblin Giant,0,0,0,0.4097,0.5625
Mother Witch,Goblin Hut,0,2,2,0.4097,0.4861
Mother Witch,Golem,0,0,0,0.4097,0.5625
Mother Witch,Graveyard,1,2,3,0.4097,0.4636
Mother Witch,Hunter,0,0,0,0.4097,0.5625
Mother Witch,Ice Spirit,0,2,2,0.4097,0.4861
Mother Witch,Ice Wizard,0,0,0,0.4097,0.5625
Mother Witch,Inferno Tower,0,0,0,0.4097,0.5625
Mother Witch,Knight,1,2,3,0.4097,0.4636
Mother Witch,Lava Hound,0,0,0,0.4097,0.5625
Mother Witch,Mega Knight,0,0,0,0.4097,0.5625
Mother Witch,Mortar,0,0,0,0.4097,0.5625
Mother Witch,Musketeer,0,1,1,0.4097,0.567
Mother Witch,Night Witch,0,0,0,0.4097,0.5625
Mother Witch,P.E.K.K.A,0,0,0,0.4097,0.5625
Mother Witch,Poison,0,1,1,0.4097,0.567
Mother Witch,Princess,0,0,0,0.4097,0.5625
Mother Witch,Rage,0,0,0,0.4097,0.5625
Mother Witch,Ram Rider,0,0,0,0.4097,0.5625
Mother Witch,Rascals,1,2,3,0.4097,0.4636
Mother Witch,Rocket,0,0,0,0.4097,0.5625
Mother Witch,Royal Delivery,1,0,1,0.4097,0.576
Mother Witch,Royal Giant,0,0,0,0.4097,0.5625
Mother Witch,Rune Giant,0,0,0,0.4097,0.5625
Mother Witch,Suspicious Bush,0,0,0,0.4097,0.5625
Mother Witch,The Log,0,1,1,0.4097,0.567
Mother Witch,Tombstone,0,2,2,0.4097,0.4861
Mother Witch,Vines,1,1,2,0.4097,0.4861
Mother Witch,Witch,0,0,0,0.4097,0.5625
Mother Witch,Wizard,0,0,0,0.4097,0.5625
Mother Witch,X-Bow,1,0,1,0.4097,0.576
Mother Witch,Zappies,0,0,0,0.4097,0.5625
Musketeer,Baby Dragon,7,4,11,0.832,0.7286
Musketeer,Barbarian Hut,1,2,3,0.832,0.4636
Musketeer,Berserker,4,0,4,0.832,0.6891
Musketeer,Dart Goblin,10,4,14,0.832,0.8028
Musketeer,Electro Spirit,12,6,18,0.832,0.7897
Musketeer,Electro Wizard,6,2,8,0.832,0.7562
Musketeer,Elixir Golem,1,0,1,0.832,0.576
Musketeer,Executioner,2,3,5,0.832,0.4688
Musketeer,Fireball,13,5,18,0.832,0.82
Musketeer,Fisherman,1,0,1,0.832,0.576
Musketeer,Flying Machine,12,5,17,0.832,0.8163
Musketeer,Furnace,2,0,2,0.832,0.625
Musketeer,Giant,7,4,11,0.832,0.7286
Musketeer,Giant Snowball,2,0,2,0.832,0.625
Musketeer,Goblin Barrel,15,4,19,0.832,0.8234
Musketeer,Goblin Demolisher,2,4,6,0.832,0.4027
Musketeer,Goblin Drill,1,0,1,0.832,0.576
Musketeer,Goblin Giant,1,0,1,0.832,0.576
Musketeer,Goblin Hut,9,8,17,0.832,0.6616
Musketeer,Golem,3,0,3,0.832,0.6612
Musketeer,Graveyard,5,6,11,0.832,0.4758
Musketeer,Hunter,1,0,1,0.832,0.576
Musketeer,Ice Spirit,12,5,17,0.832,0.8163
Musketeer,Ice Wizard,0,0,0,0.832,0.5625
Musketeer,Inferno Tower,1,0,1,0.832,0.576
Musketeer,Knight,16,10,26,0.832,0.7619
Musketeer,Lava Hound,2,0,2,0.832,0.625
Musketeer,Mega Knight,0,0,0,0.832,0.5625
Musketeer,Mortar,1,0,1,0.832,0.576
Musketeer,Mother Witch,1,0,1,0.832,0.576
Musketeer,Night Witch,0,1,1,0.832,0.567
Musketeer,P.E.K.K.A,0,0,0,0.832,0.5625
Musketeer,Poison,7,3,10,0.832,0.776
Musketeer,Princess,3,0,3,0.832,0.6612
Musketeer,Rage,4,0,4,0.832,0.6891
Musketeer,Ram Rider,4,1,5,0.832,0.7111
Musketeer,Rascals,9,8,17,0.832,0.6616
Musketeer,Rocket,1,0,1,0.832,0.576
Musketeer,Royal Delivery,3,0,3,0.832,0.6612
Musketeer,Royal Giant,0,0,0,0.832,0.5625
Musketeer,Rune Giant,4,1,5,0.832,0.7111
Musketeer,Suspicious Bush,13,4,17,0.832,0.8163
Musketeer,The Log,8,9,17,0.832,0.4808
Musketeer,Tombstone,12,9,21,0.832,0.7109
Musketeer,Vines,11,6,17,0.832,0.7683
Musketeer,Witch,6,4,10,0.832,0.6898
Musketeer,Wizard,1,0,1,0.832,0.576
Musketeer,X-Bow,4,2,6,0.832,0.702
Musketeer,Zappies,0,0,0,0.832,0.5625
Night Witch,Baby Dragon,0,0,0,0.729,0.5625
Night Witch,Barbarian Hut,1,0,1,0.729,0.576
Night Witch,Berserker,0,0,0,0.729,0.5625
Night Witch,Dart Goblin,2,0,2,0.729,0.625
Night Witch,Electro Spirit,1,0,1,0.729,0.576
Night Witch,Electro Wizard,1,0,1,0.729,0.576
Night Witch,Elixir Golem,0,0,0,0.729,0.5625
Night Witch,Executioner,0,1,1,0.729,0.567
Night Witch,Fireball,2,1,3,0.729,0.6367
Night Witch,Fisherman,0,0,0,0.729,0.5625
Night Witch,Flying Machine,0,0,0,0.729,0.5625
Night Witch,Furnace,0,0,0,0.729,0.5625
Night Witch,Giant,1,0,1,0.729,0.576
Night Witch,Giant Snowball,0,0,0,0.729,0.5625
Night Witch,Goblin Barrel,1,1,2,0.729,0.4861
Night Witch,Goblin Demolisher,1,0,1,0.729,0.576
Night Witch,Goblin Drill,0,0,0,0.729,0.5625
Night Witch,Goblin Giant,0,0,0,0.729,0.5625
Night Witch,Goblin Hut,3,0,3,0.729,0.6612
Night Witch,Golem,0,0,0,0.729,0.5625
Night Witch,Graveyard,2,0,2,0.729,0.625
Night Witch,Hunter,0,0,0,0.729,0.5625
Night Witch,Ice Spirit,1,0,1,0.729,0.576
Night Witch,Ice Wizard,0,0,0,0.729,0.5625
Night Witch,Inferno Tower,0,0,0,0.729,0.5625
Night Witch,Knight,4,1,5,0.729,0.7111
Night Witch,Lava Hound,2,1,3,0.729,0.6367
Night Witch,Mega Knight,1,0,1,0.729,0.576
Night Witch,Mortar,0,0,0,0.729,0.5625
Night Witch,Mother Witch,0,0,0,0.729,0.5625
Night Witch,Musketeer,1,0,1,0.729,0.576
Night Witch,P.E.K.K.A,0,0,0,0.729,0.5625
Night Witch,Poison,2,0,2,0.729,0.625
Night Witch,Princess,1,0,1,0.729,0.576
Night Witch,Rage,1,0,1,0.729,0.576
Night Witch,Ram Rider,3,0,3,0.729,0.6612
Night Witch,Rascals,2,0,2,0.729,0.625
Night Witch,Rocket,0,0,0,0.729,0.5625
Night Witch,Royal Delivery,1,0,1,0.729,0.576
Night Witch,Royal Giant,0,0,0,0.729,0.5625
Night Witch,Rune Giant,0,0,0,0.729,0.5625
Night Witch,Suspicious Bush,1,1,2,0.729,0.4861
Night Witch,The Log,0,0,0,0.729,0.5625
Night Witch,Tombstone,2,0,2,0.729,0.625
Night Witch,Vines,2,1,3,0.729,0.6367
Night Witch,Witch,0,0,0,0.729,0.5625
Night Witch,Wizard,0,0,0,0.729,0.5625
Night Witch,X-Bow,1,1,2,0.729,0.4861
Night Witch,Zappies,0,0,0,0.729,0.5625
P.E.K.K.A,Baby Dragon,0,0,0,0.4634,0.5625
P.E.K.K.A,Barbarian Hut,0,0,0,0.4634,0.5625
P.E.K.K.A,Berserker,0,0,0,0.4634,0.5625
P.E.K.K.A,Dart Goblin,0,1,1,0.4634,0.567
P.E.K.K.A,Electro Spirit,1,2,3,0.4634,0.4636
P.E.K.K.A,Electro Wizard,1,1,2,0.4634,0.4861
P.E.K.K.A,Elixir Golem,0,0,0,0.4634,0.5625
P.E.K.K.A,Executioner,0,1,1,0.4634,0.567
P.E.K.K.A,Fireball,1,1,2,0.4634,0.4861
P.E.K.K.A,Fisherman,0,0,0,0.4634,0.5625
P.E.K.K.A,Flying Machine,0,0,0,0.4634,0.5625
P.E.K.K.A,Furnace,0,0,0,0.4634,0.5625
P.E.K.K.A,Giant,0,0,0,0.4634,0.5625
P.E.K.K.A,Giant Snowball,0,0,0,0.4634,0.5625
P.E.K.K.A,Goblin Barrel,1,0,1,0.4634,0.576
P.E.K.K.A,Goblin Demolisher,0,0,0,0.4634,0.5625
P.E.K.K.A,Goblin Drill,0,0,0,0.4634,0.5625
P.E.K.K.A,Goblin Giant,0,0,0,0.4634,0.5625
P.E.K.K.A,Goblin Hut,0,2,2,0.4634,0.4861
P.E.K.K.A,Golem,1,0,1,0.4634,0.576
P.E.K.K.A,Graveyard,0,2,2,0.4634,0.4861
P.E.K.K.A,Hunter,0,0,0,0.4634,0.5625
P.E.K.K.A,Ice Spirit,0,0,0,0.4634,0.5625
P.E.K.K.A,Ice Wizard,0,0,0,0.4634,0.5625
P.E.K.K.A,Inferno Tower,0,0,0,0.4634,0.5625
P.E.K.K.A,Knight,0,1,1,0.4634,0.567
P.E.K.K.A,Lava Hound,0,0,0,0.4634,0.5625
P.E.K.K.A,Mega Knight,0,0,0,0.4634,0.5625
P.E.K.K.A,Mortar,0,0,0,0.4634,0.5625
P.E.K.K.A,Mother Witch,0,0,0,0.4634,0.5625
P.E.K.K.A,Musketeer,0,0,0,0.4634,0.5625
P.E.K.K.A,Night Witch,0,0,0,0.4634,0.5625
P.E.K.K.A,Poison,0,1,1,0.4634,0.567
P.E.K.K.A,Princess,1,0,1,0.4634,0.576
P.E.K.K.A,Rage,0,0,0,0.4634,0.5625
P.E.K.K.A,Ram Rider,0,0,0,0.4634,0.5625
P.E.K.K.A,Rascals,0,2,2,0.4634,0.4861
P.E.K.K.A,Rocket,0,0,0,0.4634,0.5625
P.E.K.K.A,Royal Delivery,0,0,0,0.4634,0.5625
P.E.K.K.A,Royal Giant,0,0,0,0.4634,0.5625
P.E.K.K.A,Rune Giant,0,0,0,0.4634,0.5625
P.E.K.K.A,Suspicious Bush,0,0,0,0.4634,0.5625
P.E.K.K.A,The Log,0,0,0,0.4634,0.5625
P.E.K.K.A,Tombstone,1,1,2,0.4634,0.4861
P.E.K.K.A,Vines,0,0,0,0.4634,0.5625
P.E.K.K.A,Witch,0,1,1,0.4634,0.567
P.E.K.K.A,Wizard,1,0,1,0.4634,0.576
P.E.K.K.A,X-Bow,0,0,0,0.4634,0.5625
P.E.K.K.A,Zappies,0,0,0,0.4634,0.5625
Poison,Baby Dragon,3,2,5,0.691,0.6321
Poison,Barbarian Hut,1,2,3,0.691,0.4636
Poison,Berserker,3,0,3,0.691,0.6612
Poison,Dart Goblin,4,1,5,0.691,0.7111
Poison,Electro Spirit,9,5,14,0.691,0.7518
Poison,Electro Wizard,2,3,5,0.691,0.4688
Poison,Elixir Golem,0,0,0,0.691,0.5625
Poison,Executioner,0,5,5,0.691,0.3898
Poison,Fireball,12,7,19,0.691,0.7608
Poison,Fisherman,0,0,0,0.691,0.5625
Poison,Flying Machine,7,3,10,0.691,0.776
Poison,Furnace,1,0,1,0.691,0.576
Poison,Giant,3,1,4,0.691,0.6891
Poison,Giant Snowball,0,0,0,0.691,0.5625
Poison,Goblin Barrel,8,4,12,0.691,0.7617
Poison,Goblin Demolisher,3,2,5,0.691,0.6321
Poison,Goblin Drill,0,0,0,0.691,0.5625
Poison,Goblin Giant,0,2,2,0.691,0.4861
Poison,Goblin Hut,7,11,18,0.691,0.4056
Poison,Golem,4,2,6,0.691,0.702
Poison,Graveyard,2,4,6,0.691,0.4027
Poison,Hunter,1,0,1,0.691,0.576
Poison,Ice Spirit,6,2,8,0.691,0.7562
Poison,Ice Wizard,0,0,0,0.691,0.5625
Poison,Inferno Tower,0,0,0,0.691,0.5625
Poison,Knight,8,11,19,0.691,0.434
Poison,Lava Hound,0,1,1,0.691,0.567
Poison,Mega Knight,1,2,3,0.691,0.4636
Poison,Mortar,1,0,1,0.691,0.576
Poison,Mother Witch,1,0,1,0.691,0.576
Poison,Musketeer,3,7,10,0.691,0.3455
Poison,Night Witch,0,2,2,0.691,0.4861
Poison,P.E.K.K.A,1,0,1,0.691,0.576
Poison,Princess,1,1,2,0.691,0.4861
Poison,Rage,0,0,0,0.691,0.5625
Poison,Ram Rider,0,4,4,0.691,0.4097
Poison,Rascals,7,6,13,0.691,0.6541
Poison,Rocket,0,0,0,0.691,0.5625
Poison,Royal Delivery,2,2,4,0.691,0.5359
Poison,Royal Giant,1,0,1,0.691,0.576
Poison,Rune Giant,1,0,1,0.691,0.576
Poison,Suspicious Bush,7,3,10,0.691,0.776
Poison,The Log,6,8,14,0.691,0.4467
Poison,Tombstone,4,6,10,0.691,0.4317
Poison,Vines,7,6,13,0.691,0.6541
Poison,Witch,5,2,7,0.691,0.7438
Poison,Wizard,2,0,2,0.691,0.625
Poison,X-Bow,2,3,5,0.691,0.4688
Poison,Zappies,0,0,0,0.691,0.5625
Princess,Baby Dragon,0,0,0,0.4688,0.5625
Princess,Barbarian Hut,0,1,1,0.4688,0.567
Princess,Berserker,0,0,0,0.4688,0.5625
Princess,Dart Goblin,1,0,1,0.4688,0.576
Princess,Electro Spirit,0,0,0,0.4688,0.5625
Princess,Electro Wizard,0,1,1,0.4688,0.567
Princess,Elixir Golem,1,0,1,0.4688,0.576
Princess,Executioner,0,0,0,0.4688,0.5625
Princess,Fireball,1,1,2,0.4688,0.4861
Princess,Fisherman,1,0,1,0.4688,0.576
Princess,Flying Machine,0,1,1,0.4688,0.567
Princess,Furnace,0,0,0,0.4688,0.5625
Princess,Giant,0,1,1,0.4688,0.567
Princess,Giant Snowball,0,0,0,0.4688,0.5625
Princess,Goblin Barrel,0,1,1,0.4688,0.567
Princess,Goblin Demolisher,0,0,0,0.4688,0.5625
Princess,Goblin Drill,0,0,0,0.4688,0.5625
Princess,Goblin Giant,0,0,0,0.4688,0.5625
Princess,Goblin Hut,0,1,1,0.4688,0.567
Princess,Golem,1,0,1,0.4688,0.576
Princess,Graveyard,0,0,0,0.4688,0.5625
Princess,Hunter,0,0,0,0.4688,0.5625
Princess,Ice Spirit,1,0,1,0.4688,0.576
Princess,Ice Wizard,0,0,0,0.4688,0.5625
Princess,Inferno Tower,0,0,0,0.4688,0.5625
Princess,Knight,1,2,3,0.4688,0.4636
Princess,Lava Hound,0,1,1,0.4688,0.567
Princess,Mega Knight,0,0,0,0.4688,0.5625
Princess,Mortar,0,0,0,0.4688,0.5625
Princess,Mother Witch,0,0,0,0.4688,0.5625
Princess,Musketeer,0,3,3,0.4688,0.4392
Princess,Night Witch,0,1,1,0.4688,0.567
Princess,P.E.K.K.A,0,1,1,0.4688,0.567
Princess,Poison,1,1,2,0.4688,0.4861
Princess,Rage,1,0,1,0.4688,0.576
Princess,Ram Rider,1,1,2,0.4688,0.4861
Princess,Rascals,0,0,0,0.4688,0.5625
Princess,Rocket,0,0,0,0.4688,0.5625
Princess,Royal Delivery,0,1,1,0.4688,0.567
Princess,Royal Giant,0,0,0,0.4688,0.5625
Princess,Rune Giant,0,0,0,0.4688,0.5625
Princess,Suspicious Bush,2,1,3,0.4688,0.6367
Princess,The Log,1,2,3,0.4688,0.4636
Princess,Tombstone,2,1,3,0.4688,0.6367
Princess,Vines,0,2,2,0.4688,0.4861
Princess,Witch,1,0,1,0.4688,0.576
Princess,Wizard,0,0,0,0.4688,0.5625
Princess,X-Bow,0,0,0,0.4688,0.5625
Princess,Zappies,0,0,0,0.4688,0.5625
Rage,Baby Dragon,0,0,0,0.4024,0.5625
Rage,Barbarian Hut,0,1,1,0.4024,0.567
Rage,Berserker,0,0,0,0.4024,0.5625
Rage,Dart Goblin,0,0,0,0.4024,0.5625
Rage,Electro Spirit,1,0,1,0.4024,0.576
Rage,Electro Wizard,1,0,1,0.4024,0.576
Rage,Elixir Golem,0,0,0,0.4024,0.5625
Rage,Executioner,0,0,0,0.4024,0.5625
Rage,Fireball,2,2,4,0.4024,0.5359
Rage,Fisherman,0,0,0,0.4024,0.5625
Rage,Flying Machine,0,0,0,0.4024,0.5625
Rage,Furnace,0,0,0,0.4024,0.5625
Rage,Giant,1,1,2,0.4024,0.4861
Rage,Giant Snowball,0,0,0,0.4024,0.5625
Rage,Goblin Barrel,1,4,5,0.4024,0.3898
Rage,Goblin Demolisher,1,0,1,0.4024,0.576
Rage,Goblin Drill,0,0,0,0.4024,0.5625
Rage,Goblin Giant,0,0,0,0.4024,0.5625
Rage,Goblin Hut,2,1,3,0.4024,0.6367
Rage,Golem,0,1,1,0.4024,0.567
Rage,Graveyard,1,1,2,0.4024,0.4861
Rage,Hunter,0,0,0,0.4024,0.5625
Rage,Ice Spirit,1,2,3,0.4024,0.4636
Rage,Ice Wizard,0,0,0,0.4024,0.5625
Rage,Inferno Tower,0,0,0,0.4024,0.5625
Rage,Knight,0,1,1,0.4024,0.567
Rage,Lava Hound,0,1,1,0.4024,0.567
Rage,Mega Knight,1,1,2,0.4024,0.4861
Rage,Mortar,0,0,0,0.4024,0.5625
Rage,Mother Witch,0,0,0,0.4024,0.5625
Rage,Musketeer,0,4,4,0.4024,0.4097
Rage,Night Witch,0,1,1,0.4024,0.567
Rage,P.E.K.K.A,0,0,0,0.4024,0.5625
Rage,Poison,0,0,0,0.4024,0.5625
Rage,Princess,0,1,1,0.4024,0.567
Rage,Ram Rider,0,1,1,0.4024,0.567
Rage,Rascals,1,0,1,0.4024,0.576
Rage,Rocket,0,0,0,0.4024,0.5625
Rage,Royal Delivery,1,3,4,0.4024,0.4097
Rage,Royal Giant,0,0,0,0.4024,0.5625
Rage,Rune Giant,1,0,1,0.4024,0.576
Rage,Suspicious Bush,1,2,3,0.4024,0.4636
Rage,The Log,0,1,1,0.4024,0.567
Rage,Tombstone,0,2,2,0.4024,0.4861
Rage,Vines,0,1,1,0.4024,0.567
Rage,Witch,0,0,0,0.4024,0.5625
Rage,Wizard,0,0,0,0.4024,0.5625
Rage,X-Bow,0,0,0,0.4024,0.5625
Rage,Zappies,0,0,0,0.4024,0.5625
Ram Rider,Baby Dragon,1,2,3,0.6695,0.4636
Ram Rider,Barbarian Hut,0,3,3,0.6695,0.4392
Ram Rider,Berserker,0,0,0,0.6695,0.5625
Ram Rider,Dart Goblin,0,2,2,0.6695,0.4861
Ram Rider,Electro Spirit,1,0,1,0.6695,0.576
Ram Rider,Electro Wizard,3,0,3,0.6695,0.6612
Ram Rider,Elixir Golem,1,0,1,0.6695,0.576
Ram Rider,Executioner,2,3,5,0.6695,0.4688
Ram Rider,Fireball,5,5,10,0.6695,0.6036
Ram Rider,Fisherman,1,0,1,0.6695,0.576
Ram Rider,Flying Machine,2,0,2,0.6695,0.625
Ram Rider,Furnace,0,0,0,0.6695,0.5625
Ram Rider,Giant,3,4,7,0.6695,0.4714
Ram Rider,Giant Snowball,1,0,1,0.6695,0.576
Ram Rider,Goblin Barrel,7,6,13,0.6695,0.6541
Ram Rider,Goblin Demolisher,1,1,2,0.6695,0.4861
Ram Rider,Goblin Drill,1,0,1,0.6695,0.576
Ram Rider,Goblin Giant,0,0,0,0.6695,0.5625
Ram Rider,Goblin Hut,3,4,7,0.6695,0.4714
Ram Rider,Golem,0,1,1,0.6695,0.567
Ram Rider,Graveyard,5,4,9,0.6695,0.6438
Ram Rider,Hunter,0,0,0,0.6695,0.5625
Ram Rider,Ice Spirit,8,4,12,0.6695,0.7617
Ram Rider,Ice Wizard,0,0,0,0.6695,0.5625
Ram Rider,Inferno Tower,1,0,1,0.6695,0.576
Ram Rider,Knight,4,4,8,0.6695,0.5882
Ram Rider,Lava Hound,0,2,2,0.6695,0.4861
Ram Rider,Mega Knight,1,2,3,0.6695,0.4636
Ram Rider,Mortar,0,0,0,0.6695,0.5625
Ram Rider,Mother Witch,0,0,0,0.6695,0.5625
Ram Rider,Musketeer,1,4,5,0.6695,0.3898
Ram Rider,Night Witch,0,3,3,0.6695,0.4392
Ram Rider,P.E.K.K.A,0,0,0,0.6695,0.5625
Ram Rider,Poison,4,0,4,0.6695,0.6891
Ram Rider,Princess,1,1,2,0.6695,0.4861
Ram Rider,Rage,1,0,1,0.6695,0.576
Ram Rider,Rascals,4,2,6,0.6695,0.702
Ram Rider,Rocket,0,0,0,0.6695,0.5625
Ram Rider,Royal Delivery,3,2,5,0.6695,0.6321
Ram Rider,Royal Giant,1,0,1,0.6695,0.576
Ram Rider,Rune Giant,4,2,6,0.6695,0.702
Ram Rider,Suspicious Bush,11,9,20,0.6695,0.6888
Ram Rider,The Log,3,5,8,0.6695,0.42
Ram Rider,Tombstone,7,6,13,0.6695,0.6541
Ram Rider,Vines,2,6,8,0.6695,0.357
Ram Rider,Witch,2,0,2,0.6695,0.625
Ram Rider,Wizard,0,0,0,0.6695,0.5625
Ram Rider,X-Bow,1,1,2,0.6695,0.4861
Ram Rider,Zappies,0,0,0,0.6695,0.5625
Rascals,Baby Dragon,5,5,10,0.4888,0.6036
Rascals,Barbarian Hut,2,3,5,0.4888,0.4688
Rascals,Berserker,1,0,1,0.4888,0.576
Rascals,Dart Goblin,3,7,10,0.4888,0.3455
Rascals,Electro Spirit,7,3,10,0.4888,0.776
Rascals,Electro Wizard,2,3,5,0.4888,0.4688
Rascals,Elixir Golem,0,0,0,0.4888,0.5625
Rascals,Executioner,0,2,2,0.4888,0.4861
Rascals,Fireball,5,5,10,0.4888,0.6036
Rascals,Fisherman,0,0,0,0.4888,0.5625
Rascals,Flying Machine,6,5,11,0.4888,0.6494
Rascals,Furnace,1,0,1,0.4888,0.576
Rascals,Giant,4,6,10,0.4888,0.4317
Rascals,Giant Snowball,0,0,0,0.4888,0.5625
Rascals,Goblin Barrel,6,3,9,0.4888,0.7385
Rascals,Goblin Demolisher,0,1,1,0.4888,0.567
Rascals,Goblin Drill,0,0,0,0.4888,0.5625
Rascals,Goblin Giant,1,0,1,0.4888,0.576
Rascals,Goblin Hut,6,7,13,0.4888,0.4777
Rascals,Golem,1,0,1,0.4888,0.576
Rascals,Graveyard,4,5,9,0.4888,0.4737
Rascals,Hunter,0,0,0,0.4888,0.5625
Rascals,Ice Spirit,5,6,11,0.4888,0.4758
Rascals,Ice Wizard,1,0,1,0.4888,0.576
Rascals,Inferno Tower,0,0,0,0.4888,0.5625
Rascals,Knight,7,12,19,0.4888,0.3858
Rascals,Lava Hound,0,2,2,0.4888,0.4861
Rascals,Mega Knight,0,1,1,0.4888,0.567
Rascals,Mortar,0,0,0,0.4888,0.5625
Rascals,Mother Witch,2,1,3,0.4888,0.6367
Rascals,Musketeer,8,9,17,0.4888,0.4808
Rascals,Night Witch,0,2,2,0.4888,0.4861
Rascals,P.E.K.K.A,2,0,2,0.4888,0.625
Rascals,Poison,6,7,13,0.4888,0.4777
Rascals,Princess,0,0,0,0.4888,0.5625
Rascals,Rage,0,1,1,0.4888,0.567
Rascals,Ram Rider,2,4,6,0.4888,0.4027
Rascals,Rocket,2,0,2,0.4888,0.625
Rascals,Royal Delivery,4,1,5,0.4888,0.7111
Rascals,Royal Giant,2,1,3,0.4888,0.6367
Rascals,Rune Giant,3,1,4,0.4888,0.6891
Rascals,Suspicious Bush,10,6,16,0.4888,0.7446
Rascals,The Log,8,13,21,0.4888,0.3955
Rascals,Tombstone,7,9,16,0.4888,0.4519
Rascals,Vines,5,5,10,0.4888,0.6036
Rascals,Witch,5,3,8,0.4888,0.6932
Rascals,Wizard,1,1,2,0.4888,0.4861
Rascals,X-Bow,2,4,6,0.4888,0.4027
Rascals,Zappies,0,0,0,0.4888,0.5625
Rocket,Baby Dragon,0,0,0,0.4861,0.5625
Rocket,Barbarian Hut,0,0,0,0.4861,0.5625
Rocket,Berserker,0,0,0,0.4861,0.5625
Rocket,Dart Goblin,0,0,0,0.4861,0.5625
Rocket,Electro Spirit,0,0,0,0.4861,0.5625
Rocket,Electro Wizard,0,0,0,0.4861,0.5625
Rocket,Elixir Golem,0,0,0,0.4861,0.5625
Rocket,Executioner,0,0,0,0.4861,0.5625
Rocket,Fireball,0,1,1,0.4861,0.567
Rocket,Fisherman,0,0,0,0.4861,0.5625
Rocket,Flying Machine,0,1,1,0.4861,0.567
Rocket,Furnace,0,0,0,0.4861,0.5625
Rocket,Giant,0,0,0,0.4861,0.5625
Rocket,Giant Snowball,0,0,0,0.4861,0.5625
Rocket,Goblin Barrel,0,1,1,0.4861,0.567
Rocket,Goblin Demolisher,0,1,1,0.4861,0.567
Rocket,Goblin Drill,0,0,0,0.4861,0.5625
Rocket,Goblin Giant,0,0,0,0.4861,0.5625
Rocket,Goblin Hut,0,0,0,0.4861,0.5625
Rocket,Golem,0,0,0,0.4861,0.5625
Rocket,Graveyard,0,1,1,0.4861,0.567
Rocket,Hunter,0,0,0,0.4861,0.5625
Rocket,Ice Spirit,0,0,0,0.4861,0.5625
Rocket,Ice Wizard,0,0,0,0.4861,0.5625
Rocket,Inferno Tower,0,0,0,0.4861,0.5625
Rocket,Knight,0,2,2,0.4861,0.4861
Rocket,Lava Hound,0,0,0,0.4861,0.5625
Rocket,Mega Knight,0,0,0,0.4861,0.5625
Rocket,Mortar,0,0,0,0.4861,0.5625
Rocket,Mother Witch,0,0,0,0.4861,0.5625
Rocket,Musketeer,0,1,1,0.4861,0.567
Rocket,Night Witch,0,0,0,0.4861,0.5625
Rocket,P.E.K.K.A,0,0,0,0.4861,0.5625
Rocket,Poison,0,0,0,0.4861,0.5625
Rocket,Princess,0,0,0,0.4861,0.5625
Rocket,Rage,0,0,0,0.4861,0.5625
Rocket,Ram Rider,0,0,0,0.4861,0.5625
Rocket,Rascals,0,2,2,0.4861,0.4861
Rocket,Royal Delivery,0,1,1,0.4861,0.567
Rocket,Royal Giant,0,0,0,0.4861,0.5625
Rocket,Rune Giant,0,0,0,0.4861,0.5625
Rocket,Suspicious Bush,0,0,0,0.4861,0.5625
Rocket,The Log,0,2,2,0.4861,0.4861
Rocket,Tombstone,0,0,0,0.4861,0.5625
Rocket,Vines,0,1,1,0.4861,0.567
Rocket,Witch,0,1,1,0.4861,0.567
Rocket,Wizard,0,0,0,0.4861,0.5625
Rocket,X-Bow,0,1,1,0.4861,0.567
Rocket,Zappies,0,0,0,0.4861,0.5625
Royal Delivery,Baby Dragon,2,1,3,0.4339,0.6367
Royal Delivery,Barbarian Hut,0,2,2,0.4339,0.4861
Royal Delivery,Berserker,0,0,0,0.4339,0.5625
Royal Delivery,Dart Goblin,4,3,7,0.4339,0.6375
Royal Delivery,Electro Spirit,3,2,5,0.4339,0.6321
Royal Delivery,Electro Wizard,1,1,2,0.4339,0.4861
Royal Delivery,Elixir Golem,0,0,0,0.4339,0.5625
Royal Delivery,Executioner,1,4,5,0.4339,0.3898
Royal Delivery,Fireball,4,7,11,0.4339,0.3966
Royal Delivery,Fisherman,0,0,0,0.4339,0.5625
Royal Delivery,Flying Machine,3,1,4,0.4339,0.6891
Royal Delivery,Furnace,1,0,1,0.4339,0.576
Royal Delivery,Giant,3,4,7,0.4339,0.4714
Royal Delivery,Giant Snowball,1,0,1,0.4339,0.576
Royal Delivery,Goblin Barrel,3,3,6,0.4339,0.567
Royal Delivery,Goblin Demolisher,0,1,1,0.4339,0.567
Royal Delivery,Goblin Drill,1,0,1,0.4339,0.576
Royal Delivery,Goblin Giant,1,0,1,0.4339,0.576
Royal Delivery,Goblin Hut,2,5,7,0.4339,0.3651
Royal Delivery,Golem,1,1,2,0.4339,0.4861
Royal Delivery,Graveyard,0,2,2,0.4339,0.4861
Royal Delivery,Hunter,0,0,0,0.4339,0.5625
Royal Delivery,Ice Spirit,2,3,5,0.4339,0.4688
Royal Delivery,Ice Wizard,0,0,0,0.4339,0.5625
Royal Delivery,Inferno Tower,0,0,0,0.4339,0.5625
Royal Delivery,Knight,5,5,10,0.4339,0.6036
Royal Delivery,Lava Hound,0,3,3,0.4339,0.4392
Royal Delivery,Mega Knight,0,0,0,0.4339,0.5625
Royal Delivery,Mortar,0,0,0,0.4339,0.5625
Royal Delivery,Mother Witch,0,1,1,0.4339,0.567
Royal Delivery,Musketeer,0,3,3,0.4339,0.4392
Royal Delivery,Night Witch,0,1,1,0.4339,0.567
Royal Delivery,P.E.K.K.A,0,0,0,0.4339,0.5625
Royal Delivery,Poison,2,2,4,0.4339,0.5359
Royal Delivery,Princess,1,0,1,0.4339,0.576
Royal Delivery,Rage,3,1,4,0.4339,0.6891
Royal Delivery,Ram Rider,2,3,5,0.4339,0.4688
Royal Delivery,Rascals,1,4,5,0.4339,0.3898
Royal Delivery,Rocket,1,0,1,0.4339,0.576
Royal Delivery,Royal Giant,0,0,0,0.4339,0.5625
Royal Delivery,Rune Giant,2,1,3,0.4339,0.6367
Royal Delivery,Suspicious Bush,4,5,9,0.4339,0.4737
Royal Delivery,The Log,3,5,8,0.4339,0.42
Royal Delivery,Tombstone,3,6,9,0.4339,0.379
Royal Delivery,Vines,2,6,8,0.4339,0.357
Royal Delivery,Witch,1,1,2,0.4339,0.4861
Royal Delivery,Wizard,0,0,0,0.4339,0.5625
Royal Delivery,X-Bow,1,1,2,0.4339,0.4861
Royal Delivery,Zappies,0,0,0,0.4339,0.5625
Royal Giant,Baby Dragon,2,3,5,0.42,0.4688
Royal Giant,Barbarian Hut,0,3,3,0.42,0.4392
Royal Giant,Berserker,1,0,1,0.42,0.576
Royal Giant,Dart Goblin,0,1,1,0.42,0.567
Royal Giant,Electro Spirit,2,1,3,0.42,0.6367
Royal Giant,Electro Wizard,0,0,0,0.42,0.5625
Royal Giant,Elixir Golem,0,0,0,0.42,0.5625
Royal Giant,Executioner,0,0,0,0.42,0.5625
Royal Giant,Fireball,1,1,2,0.42,0.4861
Royal Giant,Fisherman,0,0,0,0.42,0.5625
Royal Giant,Flying Machine,2,2,4,0.42,0.5359
Royal Giant,Furnace,0,0,0,0.42,0.5625
Royal Giant,Giant,0,2,2,0.42,0.4861
Royal Giant,Giant Snowball,0,0,0,0.42,0.5625
Royal Giant,Goblin Barrel,2,3,5,0.42,0.4688
Royal Giant,Goblin Demolisher,1,1,2,0.42,0.4861
Royal Giant,Goblin Drill,0,0,0,0.42,0.5625
Royal Giant,Goblin Giant,0,0,0,0.42,0.5625
Royal Giant,Goblin Hut,0,3,3,0.42,0.4392
Royal Giant,Golem,0,0,0,0.42,0.5625
Royal Giant,Graveyard,0,0,0,0.42,0.5625
Royal Giant,Hunter,1,0,1,0.42,0.576
Royal Giant,Ice Spirit,1,2,3,0.42,0.4636
Royal Giant,Ice Wizard,1,0,1,0.42,0.576
Royal Giant,Inferno Tower,0,0,0,0.42,0.5625
Royal Giant,Knight,1,4,5,0.42,0.3898
Royal Giant,Lava Hound,0,0,0,0.42,0.5625
Royal Giant,Mega Knight,0,0,0,0.42,0.5625
Royal Giant,Mortar,1,0,1,0.42,0.576
Royal Giant,Mother Witch,0,0,0,0.42,0.5625
Royal Giant,Musketeer,0,0,0,0.42,0.5625
Royal Giant,Night Witch,0,0,0,0.42,0.5625
Royal Giant,P.E.K.K.A,0,0,0,0.42,0.5625
Royal Giant,Poison,0,1,1,0.42,0.567
Royal Giant,Princess,0,0,0,0.42,0.5625
Royal Giant,Rage,0,0,0,0.42,0.5625
Royal Giant,Ram Rider,0,1,1,0.42,0.567
Royal Giant,Rascals,1,2,3,0.42,0.4636
Royal Giant,Rocket,0,0,0,0.42,0.5625
Royal Giant,Royal Delivery,0,0,0,0.42,0.5625
Royal Giant,Rune Giant,0,0,0,0.42,0.5625
Royal Giant,Suspicious Bush,1,1,2,0.42,0.4861
Royal Giant,The Log,3,3,6,0.42,0.567
Royal Giant,Tombstone,1,1,2,0.42,0.4861
Royal Giant,Vines,1,4,5,0.42,0.3898
Royal Giant,Witch,1,1,2,0.42,0.4861
Royal Giant,Wizard,0,0,0,0.42,0.5625
Royal Giant,X-Bow,0,0,0,0.42,0.5625
Royal Giant,Zappies,0,0,0,0.42,0.5625
Rune Giant,Baby Dragon,2,0,2,0.42,0.625
Rune Giant,Barbarian Hut,0,2,2,0.42,0.4861
Rune Giant,Berserker,0,0,0,0.42,0.5625
Rune Giant,Dart Goblin,1,0,1,0.42,0.576
Rune Giant,Electro Spirit,1,0,1,0.42,0.576
Rune Giant,Electro Wizard,0,0,0,0.42,0.5625
Rune Giant,Elixir Golem,0,0,0,0.42,0.5625
Rune Giant,Executioner,0,1,1,0.42,0.567
Rune Giant,Fireball,1,3,4,0.42,0.4097
Rune Giant,Fisherman,0,0,0,0.42,0.5625
Rune Giant,Flying Machine,1,0,1,0.42,0.576
Rune Giant,Furnace,0,0,0,0.42,0.5625
Rune Giant,Giant,0,0,0,0.42,0.5625
Rune Giant,Giant Snowball,0,0,0,0.42,0.5625
Rune Giant,Goblin Barrel,0,1,1,0.42,0.567
Rune Giant,Goblin Demolisher,0,0,0,0.42,0.5625
Rune Giant,Goblin Drill,0,0,0,0.42,0.5625
Rune Giant,Goblin Giant,0,0,0,0.42,0.5625
Rune Giant,Goblin Hut,2,3,5,0.42,0.4688
Rune Giant,Golem,0,1,1,0.42,0.567
Rune Giant,Graveyard,0,0,0,0.42,0.5625
Rune Giant,Hunter,0,0,0,0.42,0.5625
Rune Giant,Ice Spirit,0,0,0,0.42,0.5625
Rune Giant,Ice Wizard,1,0,1,0.42,0.576
Rune Giant,Inferno Tower,0,0,0,0.42,0.5625
Rune Giant,Knight,2,5,7,0.42,0.3651
Rune Giant,Lava Hound,1,2,3,0.42,0.4636
Rune Giant,Mega Knight,0,0,0,0.42,0.5625
Rune Giant,Mortar,0,0,0,0.42,0.5625
Rune Giant,Mother Witch,0,0,0,0.42,0.5625
Rune Giant,Musketeer,1,4,5,0.42,0.3898
Rune Giant,Night Witch,0,0,0,0.42,0.5625
Rune Giant,P.E.K.K.A,0,0,0,0.42,0.5625
Rune Giant,Poison,0,1,1,0.42,0.567
Rune Giant,Princess,0,0,0,0.42,0.5625
Rune Giant,Rage,0,1,1,0.42,0.567
Rune Giant,Ram Rider,2,4,6,0.42,0.4027
Rune Giant,Rascals,1,3,4,0.42,0.4097
Rune Giant,Rocket,0,0,0,0.42,0.5625
Rune Giant,Royal Delivery,1,2,3,0.42,0.4636
Rune Giant,Royal Giant,0,0,0,0.42,0.5625
Rune Giant,Suspicious Bush,1,1,2,0.42,0.4861
Rune Giant,The Log,2,2,4,0.42,0.5359
Rune Giant,Tombstone,2,3,5,0.42,0.4688
Rune Giant,Vines,1,1,2,0.42,0.4861
Rune Giant,Witch,1,0,1,0.42,0.576
Rune Giant,Wizard,0,0,0,0.42,0.5625
Rune Giant,X-Bow,0,0,0,0.42,0.5625
Rune Giant,Zappies,0,0,0,0.42,0.5625
Suspicious Bush,Baby Dragon,2,4,6,0.3698,0.4027
Suspicious Bush,Barbarian Hut,3,6,9,0.3698,0.379
Suspicious Bush,Berserker,2,0,2,0.3698,0.625
Suspicious Bush,Dart Goblin,5,5,10,0.3698,0.6036
Suspicious Bush,Electro Spirit,3,4,7,0.3698,0.4714
Suspicious Bush,Electro Wizard,3,4,7,0.3698,0.4714
Suspicious Bush,Elixir Golem,0,0,0,0.3698,0.5625
Suspicious Bush,Executioner,0,2,2,0.3698,0.4861
Suspicious Bush,Fireball,5,8,13,0.3698,0.4096
Suspicious Bush,Fisherman,0,0,0,0.3698,0.5625
Suspicious Bush,Flying Machine,1,3,4,0.3698,0.4097
Suspicious Bush,Furnace,0,0,0,0.3698,0.5625
Suspicious Bush,Giant,1,4,5,0.3698,0.3898
Suspicious Bush,Giant Snowball,2,0,2,0.3698,0.625
Suspicious Bush,Goblin Barrel,4,8,12,0.3698,0.3669
Suspicious Bush,Goblin Demolisher,1,2,3,0.3698,0.4636
Suspicious Bush,Goblin Drill,0,0,0,0.3698,0.5625
Suspicious Bush,Goblin Giant,0,0,0,0.3698,0.5625
Suspicious Bush,Goblin Hut,6,11,17,0.3698,0.3741
Suspicious Bush,Golem,0,2,2,0.3698,0.4861
Suspicious Bush,Graveyard,2,2,4,0.3698,0.5359
Suspicious Bush,Hunter,0,0,0,0.3698,0.5625
Suspicious Bush,Ice Spirit,4,8,12,0.3698,0.3669
Suspicious Bush,Ice Wizard,0,0,0,0.3698,0.5625
Suspicious Bush,Inferno Tower,0,0,0,0.3698,0.5625
Suspicious Bush,Knight,7,15,22,0.3698,0.3367
Suspicious Bush,Lava Hound,3,2,5,0.3698,0.6321
Suspicious Bush,Mega Knight,2,2,4,0.3698,0.5359
Suspicious Bush,Mortar,0,0,0,0.3698,0.5625
Suspicious Bush,Mother Witch,0,0,0,0.3698,0.5625
Suspicious Bush,Musketeer,4,13,17,0.3698,0.3261
Suspicious Bush,Night Witch,1,1,2,0.3698,0.4861
Suspicious Bush,P.E.K.K.A,0,0,0,0.3698,0.5625
Suspicious Bush,Poison,3,7,10,0.3698,0.3455
Suspicious Bush,Princess,1,2,3,0.3698,0.4636
Suspicious Bush,Rage,2,1,3,0.3698,0.6367
Suspicious Bush,Ram Rider,9,11,20,0.3698,0.4598
Suspicious Bush,Rascals,6,10,16,0.3698,0.3955
Suspicious Bush,Rocket,0,0,0,0.3698,0.5625
Suspicious Bush,Royal Delivery,5,4,9,0.3698,0.6438
Suspicious Bush,Royal Giant,1,1,2,0.3698,0.4861
Suspicious Bush,Rune Giant,1,1,2,0.3698,0.4861
Suspicious Bush,The Log,1,14,15,0.3698,0.3298
Suspicious Bush,Tombstone,4,9,13,0.3698,0.3414
Suspicious Bush,Vines,6,10,16,0.3698,0.3955
Suspicious Bush,Witch,1,4,5,0.3698,0.3898
Suspicious Bush,Wizard,0,1,1,0.3698,0.567
Suspicious Bush,X-Bow,3,3,6,0.3698,0.567
Suspicious Bush,Zappies,0,0,0,0.3698,0.5625
The Log,Baby Dragon,5,1,6,0.8152,0.729
The Log,Barbarian Hut,4,2,6,0.8152,0.702
The Log,Berserker,3,1,4,0.8152,0.6891
The Log,Dart Goblin,6,1,7,0.8152,0.7438
The Log,Electro Spirit,11,5,16,0.8152,0.801
The Log,Electro Wizard,4,2,6,0.8152,0.702
The Log,Elixir Golem,0,0,0,0.8152,0.5625
The Log,Executioner,2,3,5,0.8152,0.4688
The Log,Fireball,14,10,24,0.8152,0.7284
The Log,Fisherman,0,0,0,0.8152,0.5625
The Log,Flying Machine,8,2,10,0.8152,0.776
The Log,Furnace,2,0,2,0.8152,0.625
The Log,Giant,8,2,10,0.8152,0.776
The Log,Giant Snowball,2,0,2,0.8152,0.625
The Log,Goblin Barrel,11,3,14,0.8152,0.8028
The Log,Goblin Demolisher,1,3,4,0.8152,0.4097
The Log,Goblin Drill,1,0,1,0.8152,0.576
The Log,Goblin Giant,1,2,3,0.8152,0.4636
The Log,Goblin Hut,10,11,21,0.8152,0.4833
The Log,Golem,4,1,5,0.8152,0.7111
The Log,Graveyard,5,4,9,0.8152,0.6438
The Log,Hunter,0,0,0,0.8152,0.5625
The Log,Ice Spirit,10,5,15,0.8152,0.7778
The Log,Ice Wizard,0,0,0,0.8152,0.5625
The Log,Inferno Tower,1,0,1,0.8152,0.576
The Log,Knight,12,8,20,0.8152,0.7347
The Log,Lava Hound,1,0,1,0.8152,0.576
The Log,Mega Knight,0,1,1,0.8152,0.567
The Log,Mortar,0,0,0,0.8152,0.5625
The Log,Mother Witch,1,0,1,0.8152,0.576
The Log,Musketeer,9,8,17,0.8152,0.6616
The Log,Night Witch,0,0,0,0.8152,0.5625
The Log,P.E.K.K.A,0,0,0,0.8152,0.5625
The Log,Poison,8,6,14,0.8152,0.6881
The Log,Princess,2,1,3,0.8152,0.6367
The Log,Rage,1,0,1,0.8152,0.576
The Log,Ram Rider,5,3,8,0.8152,0.6932
The Log,Rascals,13,8,21,0.8152,0.7548
The Log,Rocket,2,0,2,0.8152,0.625
The Log,Royal Delivery,5,3,8,0.8152,0.6932
The Log,Royal Giant,3,3,6,0.8152,0.567
The Log,Rune Giant,2,2,4,0.8152,0.5359
The Log,Suspicious Bush,14,1,15,0.8152,0.8078
The Log,Tombstone,12,8,20,0.8152,0.7347
The Log,Vines,11,7,18,0.8152,0.739
The Log,Witch,4,2,6,0.8152,0.702
The Log,Wizard,1,0,1,0.8152,0.576
The Log,X-Bow,5,1,6,0.8152,0.729
The Log,Zappies,0,0,0,0.8152,0.5625
Tombstone,Baby Dragon,5,4,9,0.7041,0.6438
Tombstone,Barbarian Hut,3,9,12,0.7041,0.3376
Tombstone,Berserker,0,0,0,0.7041,0.5625
Tombstone,Dart Goblin,3,2,5,0.7041,0.6321
Tombstone,Electro Spirit,9,2,11,0.7041,0.784
Tombstone,Electro Wizard,3,2,5,0.7041,0.6321
Tombstone,Elixir Golem,0,0,0,0.7041,0.5625
Tombstone,Executioner,2,2,4,0.7041,0.5359
Tombstone,Fireball,11,9,20,0.7041,0.6888
Tombstone,Fisherman,0,0,0,0.7041,0.5625
Tombstone,Flying Machine,8,5,13,0.7041,0.7223
Tombstone,Furnace,1,0,1,0.7041,0.576
Tombstone,Giant,7,5,12,0.7041,0.6885
Tombstone,Giant Snowball,3,0,3,0.7041,0.6612
Tombstone,Goblin Barrel,7,5,12,0.7041,0.6885
Tombstone,Goblin Demolisher,2,3,5,0.7041,0.4688
Tombstone,Goblin Drill,0,0,0,0.7041,0.5625
Tombstone,Goblin Giant,0,0,0,0.7041,0.5625
Tombstone,Goblin Hut,13,11,24,0.7041,0.6896
Tombstone,Golem,2,2,4,0.7041,0.5359
Tombstone,Graveyard,2,5,7,0.7041,0.3651
Tombstone,Hunter,1,0,1,0.7041,0.576
Tombstone,Ice Spirit,7,5,12,0.7041,0.6885
Tombstone,Ice Wizard,0,0,0,0.7041,0.5625
Tombstone,Inferno Tower,1,0,1,0.7041,0.576
Tombstone,Knight,12,15,27,0.7041,0.4513
Tombstone,Lava Hound,1,1,2,0.7041,0.4861
Tombstone,Mega Knight,1,2,3,0.7041,0.4636
Tombstone,Mortar,1,0,1,0.7041,0.576
Tombstone,Mother Witch,2,0,2,0.7041,0.625
Tombstone,Musketeer,9,12,21,0.7041,0.4394
Tombstone,Night Witch,0,2,2,0.7041,0.4861
Tombstone,P.E.K.K.A,1,1,2,0.7041,0.4861
Tombstone,Poison,6,4,10,0.7041,0.6898
Tombstone,Princess,1,2,3,0.7041,0.4636
Tombstone,Rage,2,0,2,0.7041,0.625
Tombstone,Ram Rider,6,7,13,0.7041,0.4777
Tombstone,Rascals,9,7,16,0.7041,0.6882
Tombstone,Rocket,0,0,0,0.7041,0.5625
Tombstone,Royal Delivery,6,3,9,0.7041,0.7385
Tombstone,Royal Giant,1,1,2,0.7041,0.4861
Tombstone,Rune Giant,3,2,5,0.7041,0.6321
Tombstone,Suspicious Bush,9,4,13,0.7041,0.7904
Tombstone,The Log,8,12,20,0.7041,0.4138
Tombstone,Vines,7,10,17,0.7041,0.4275
Tombstone,Witch,6,2,8,0.7041,0.7562
Tombstone,Wizard,0,0,0,0.7041,0.5625
Tombstone,X-Bow,3,2,5,0.7041,0.6321
Tombstone,Zappies,0,0,0,0.7041,0.5625
Vines,Baby Dragon,6,1,7,0.7187,0.7438
Vines,Barbarian Hut,0,1,1,0.7187,0.567
Vines,Berserker,2,0,2,0.7187,0.625
Vines,Dart Goblin,5,5,10,0.7187,0.6036
Vines,Electro Spirit,5,3,8,0.7187,0.6932
Vines,Electro Wizard,3,4,7,0.7187,0.4714
Vines,Elixir Golem,1,0,1,0.7187,0.576
Vines,Executioner,1,2,3,0.7187,0.4636
Vines,Fireball,11,8,19,0.7187,0.7127
Vines,Fisherman,1,0,1,0.7187,0.576
Vines,Flying Machine,5,3,8,0.7187,0.6932
Vines,Furnace,0,0,0,0.7187,0.5625
Vines,Giant,4,3,7,0.7187,0.6375
Vines,Giant Snowball,1,0,1,0.7187,0.576
Vines,Goblin Barrel,5,3,8,0.7187,0.6932
Vines,Goblin Demolisher,2,3,5,0.7187,0.4688
Vines,Goblin Drill,0,0,0,0.7187,0.5625
Vines,Goblin Giant,0,0,0,0.7187,0.5625
Vines,Goblin Hut,6,8,14,0.7187,0.4467
Vines,Golem,3,1,4,0.7187,0.6891
Vines,Graveyard,2,6,8,0.7187,0.357
Vines,Hunter,1,0,1,0.7187,0.576
Vines,Ice Spirit,8,6,14,0.7187,0.6881
Vines,Ice Wizard,0,0,0,0.7187,0.5625
Vines,Inferno Tower,1,0,1,0.7187,0.576
Vines,Knight,10,7,17,0.7187,0.715
Vines,Lava Hound,1,0,1,0.7187,0.576
Vines,Mega Knight,1,2,3,0.7187,0.4636
Vines,Mortar,1,0,1,0.7187,0.576
Vines,Mother Witch,1,1,2,0.7187,0.4861
Vines,Musketeer,6,11,17,0.7187,0.3741
Vines,Night Witch,1,2,3,0.7187,0.4636
Vines,P.E.K.K.A,0,0,0,0.7187,0.5625
Vines,Poison,6,7,13,0.7187,0.4777
Vines,Princess,2,0,2,0.7187,0.625
Vines,Rage,1,0,1,0.7187,0.576
Vines,Ram Rider,6,2,8,0.7187,0.7562
Vines,Rascals,5,5,10,0.7187,0.6036
Vines,Rocket,1,0,1,0.7187,0.576
Vines,Royal Delivery,6,2,8,0.7187,0.7562
Vines,Royal Giant,4,1,5,0.7187,0.7111
Vines,Rune Giant,1,1,2,0.7187,0.4861
Vines,Suspicious Bush,10,6,16,0.7187,0.7446
Vines,The Log,7,11,18,0.7187,0.4056
Vines,Tombstone,10,7,17,0.7187,0.715
Vines,Witch,4,3,7,0.7187,0.6375
Vines,Wizard,1,1,2,0.7187,0.4861
Vines,X-Bow,2,2,4,0.7187,0.5359
Vines,Zappies,0,0,0,0.7187,0.5625
Witch,Baby Dragon,2,2,4,0.3955,0.5359
Witch,Barbarian Hut,0,2,2,0.3955,0.4861
Witch,Berserker,1,0,1,0.3955,0.576
Witch,Dart Goblin,0,1,1,0.3955,0.567
Witch,Electro Spirit,5,3,8,0.3955,0.6932
Witch,Electro Wizard,0,1,1,0.3955,0.567
Witch,Elixir Golem,0,0,0,0.3955,0.5625
Witch,Executioner,0,1,1,0.3955,0.567
Witch,Fireball,1,3,4,0.3955,0.4097
Witch,Fisherman,0,0,0,0.3955,0.5625
Witch,Flying Machine,2,2,4,0.3955,0.5359
Witch,Furnace,0,0,0,0.3955,0.5625
Witch,Giant,2,1,3,0.3955,0.6367
Witch,Giant Snowball,0,0,0,0.3955,0.5625
Witch,Goblin Barrel,1,0,1,0.3955,0.576
Witch,Goblin Demolisher,0,0,0,0.3955,0.5625
Witch,Goblin Drill,0,0,0,0.3955,0.5625
Witch,Goblin Giant,0,0,0,0.3955,0.5625
Witch,Goblin Hut,3,6,9,0.3955,0.379
Witch,Golem,2,1,3,0.3955,0.6367
Witch,Graveyard,0,7,7,0.3955,0.3651
Witch,Hunter,0,0,0,0.3955,0.5625
Witch,Ice Spirit,0,4,4,0.3955,0.4097
Witch,Ice Wizard,0,0,0,0.3955,0.5625
Witch,Inferno Tower,0,0,0,0.3955,0.5625
Witch,Knight,2,8,10,0.3955,0.3455
Witch,Lava Hound,0,0,0,0.3955,0.5625
Witch,Mega Knight,0,1,1,0.3955,0.567
Witch,Mortar,0,0,0,0.3955,0.5625
Witch,Mother Witch,0,0,0,0.3955,0.5625
Witch,Musketeer,4,6,10,0.3955,0.4317
Witch,Night Witch,0,0,0,0.3955,0.5625
Witch,P.E.K.K.A,1,0,1,0.3955,0.576
Witch,Poison,2,5,7,0.3955,0.3651
Witch,Princess,0,1,1,0.3955,0.567
Witch,Rage,0,0,0,0.3955,0.5625
Witch,Ram Rider,0,2,2,0.3955,0.4861
Witch,Rascals,3,5,8,0.3955,0.42
Witch,Rocket,1,0,1,0.3955,0.576
Witch,Royal Delivery,1,1,2,0.3955,0.4861
Witch,Royal Giant,1,1,2,0.3955,0.4861
Witch,Rune Giant,0,1,1,0.3955,0.567
Witch,Suspicious Bush,4,1,5,0.3955,0.7111
Witch,The Log,2,4,6,0.3955,0.4027
Witch,Tombstone,2,6,8,0.3955,0.357
Witch,Vines,3,4,7,0.3955,0.4714
Witch,Wizard,1,0,1,0.3955,0.576
Witch,X-Bow,2,0,2,0.3955,0.625
Witch,Zappies,0,0,0,0.3955,0.5625
Wizard,Baby Dragon,0,0,0,0.4634,0.5625
Wizard,Barbarian Hut,0,1,1,0.4634,0.567
Wizard,Berserker,0,0,0,0.4634,0.5625
Wizard,Dart Goblin,0,1,1,0.4634,0.567
Wizard,Electro Spirit,1,1,2,0.4634,0.4861
Wizard,Electro Wizard,0,0,0,0.4634,0.5625
Wizard,Elixir Golem,0,0,0,0.4634,0.5625
Wizard,Executioner,0,0,0,0.4634,0.5625
Wizard,Fireball,0,1,1,0.4634,0.567
Wizard,Fisherman,0,0,0,0.4634,0.5625
Wizard,Flying Machine,1,1,2,0.4634,0.4861
Wizard,Furnace,0,0,0,0.4634,0.5625
Wizard,Giant,1,0,1,0.4634,0.576
Wizard,Giant Snowball,0,0,0,0.4634,0.5625
Wizard,Goblin Barrel,0,0,0,0.4634,0.5625
Wizard,Goblin Demolisher,0,0,0,0.4634,0.5625
Wizard,Goblin Drill,0,0,0,0.4634,0.5625
Wizard,Goblin Giant,0,0,0,0.4634,0.5625
Wizard,Goblin Hut,0,1,1,0.4634,0.567
Wizard,Golem,0,0,0,0.4634,0.5625
Wizard,Graveyard,1,1,2,0.4634,0.4861
Wizard,Hunter,0,0,0,0.4634,0.5625
Wizard,Ice Spirit,1,0,1,0.4634,0.576
Wizard,Ice Wizard,0,0,0,0.4634,0.5625
Wizard,Inferno Tower,0,0,0,0.4634,0.5625
Wizard,Knight,0,1,1,0.4634,0.567
Wizard,Lava Hound,0,0,0,0.4634,0.5625
Wizard,Mega Knight,0,0,0,0.4634,0.5625
Wizard,Mortar,0,0,0,0.4634,0.5625
Wizard,Mother Witch,0,0,0,0.4634,0.5625
Wizard,Musketeer,0,1,1,0.4634,0.567
Wizard,Night Witch,0,0,0,0.4634,0.5625
Wizard,P.E.K.K.A,0,1,1,0.4634,0.567
Wizard,Poison,0,2,2,0.4634,0.4861
Wizard,Princess,0,0,0,0.4634,0.5625
Wizard,Rage,0,0,0,0.4634,0.5625
Wizard,Ram Rider,0,0,0,0.4634,0.5625
Wizard,Rascals,1,1,2,0.4634,0.4861
Wizard,Rocket,0,0,0,0.4634,0.5625
Wizard,Royal Delivery,0,0,0,0.4634,0.5625
Wizard,Royal Giant,0,0,0,0.4634,0.5625
Wizard,Rune Giant,0,0,0,0.4634,0.5625
Wizard,Suspicious Bush,1,0,1,0.4634,0.576
Wizard,The Log,0,1,1,0.4634,0.567
Wizard,Tombstone,0,0,0,0.4634,0.5625
Wizard,Vines,1,1,2,0.4634,0.4861
Wizard,Witch,0,1,1,0.4634,0.567
Wizard,X-Bow,0,0,0,0.4634,0.5625
Wizard,Zappies,0,0,0,0.4634,0.5625
X-Bow,Baby Dragon,2,2,4,0.4405,0.5359
X-Bow,Barbarian Hut,0,1,1,0.4405,0.567
X-Bow,Berserker,1,0,1,0.4405,0.576
X-Bow,Dart Goblin,0,1,1,0.4405,0.567
X-Bow,Electro Spirit,3,1,4,0.4405,0.6891
X-Bow,Electro Wizard,1,1,2,0.4405,0.4861
X-Bow,Elixir Golem,0,0,0,0.4405,0.5625
X-Bow,Executioner,0,0,0,0.4405,0.5625
X-Bow,Fireball,1,1,2,0.4405,0.4861
X-Bow,Fisherman,0,0,0,0.4405,0.5625
X-Bow,Flying Machine,3,2,5,0.4405,0.6321
X-Bow,Furnace,0,0,0,0.4405,0.5625
X-Bow,Giant,2,1,3,0.4405,0.6367
X-Bow,Giant Snowball,0,0,0,0.4405,0.5625
X-Bow,Goblin Barrel,2,2,4,0.4405,0.5359
X-Bow,Goblin Demolisher,0,1,1,0.4405,0.567
X-Bow,Goblin Drill,0,0,0,0.4405,0.5625
X-Bow,Goblin Giant,0,0,0,0.4405,0.5625
X-Bow,Goblin Hut,0,4,4,0.4405,0.4097
X-Bow,Golem,0,2,2,0.4405,0.4861
X-Bow,Graveyard,1,2,3,0.4405,0.4636
X-Bow,Hunter,0,0,0,0.4405,0.5625
X-Bow,Ice Spirit,2,2,4,0.4405,0.5359
X-Bow,Ice Wizard,0,0,0,0.4405,0.5625
X-Bow,Inferno Tower,0,0,0,0.4405,0.5625
X-Bow,Knight,0,5,5,0.4405,0.3898
X-Bow,Lava Hound,0,0,0,0.4405,0.5625
X-Bow,Mega Knight,1,1,2,0.4405,0.4861
X-Bow,Mortar,0,0,0,0.4405,0.5625
X-Bow,Mother Witch,0,1,1,0.4405,0.567
X-Bow,Musketeer,2,4,6,0.4405,0.4027
X-Bow,Night Witch,1,1,2,0.4405,0.4861
X-Bow,P.E.K.K.A,0,0,0,0.4405,0.5625
X-Bow,Poison,3,2,5,0.4405,0.6321
X-Bow,Princess,0,0,0,0.4405,0.5625
X-Bow,Rage,0,0,0,0.4405,0.5625
X-Bow,Ram Rider,1,1,2,0.4405,0.4861
X-Bow,Rascals,4,2,6,0.4405,0.702
X-Bow,Rocket,1,0,1,0.4405,0.576
X-Bow,Royal Delivery,1,1,2,0.4405,0.4861
X-Bow,Royal Giant,0,0,0,0.4405,0.5625
X-Bow,Rune Giant,0,0,0,0.4405,0.5625
X-Bow,Suspicious Bush,3,3,6,0.4405,0.567
X-Bow,The Log,1,5,6,0.4405,0.3757
X-Bow,Tombstone,2,3,5,0.4405,0.4688
X-Bow,Vines,2,2,4,0.4405,0.5359
X-Bow,Witch,0,2,2,0.4405,0.4861
X-Bow,Wizard,0,0,0,0.4405,0.5625
X-Bow,Zappies,0,0,0,0.4405,0.5625
Zappies,Baby Dragon,0,0,0,0.5625,0.5625
Zappies,Barbarian Hut,0,0,0,0.5625,0.5625
Zappies,Berserker,0,0,0,0.5625,0.5625
Zappies,Dart Goblin,0,0,0,0.5625,0.5625
Zappies,Electro Spirit,0,0,0,0.5625,0.5625
Zappies,Electro Wizard,0,0,0,0.5625,0.5625
Zappies,Elixir Golem,0,0,0,0.5625,0.5625
Zappies,Executioner,0,0,0,0.5625,0.5625
Zappies,Fireball,0,0,0,0.5625,0.5625
Zappies,Fisherman,0,0,0,0.5625,0.5625
Zappies,Flying Machine,0,0,0,0.5625,0.5625
Zappies,Furnace,0,0,0,0.5625,0.5625
Zappies,Giant,0,0,0,0.5625,0.5625
Zappies,Giant Snowball,0,0,0,0.5625,0.5625
Zappies,Goblin Barrel,0,0,0,0.5625,0.5625
Zappies,Goblin Demolisher,0,0,0,0.5625,0.5625
Zappies,Goblin Drill,0,0,0,0.5625,0.5625
Zappies,Goblin Giant,0,0,0,0.5625,0.5625
Zappies,Goblin Hut,0,0,0,0.5625,0.5625
Zappies,Golem,0,0,0,0.5625,0.5625
Zappies,Graveyard,0,0,0,0.5625,0.5625
Zappies,Hunter,0,0,0,0.5625,0.5625
Zappies,Ice Spirit,0,0,0,0.5625,0.5625
Zappies,Ice Wizard,0,0,0,0.5625,0.5625
Zappies,Inferno Tower,0,0,0,0.5625,0.5625
Zappies,Knight,0,0,0,0.5625,0.5625
Zappies,Lava Hound,0,0,0,0.5625,0.5625
Zappies,Mega Knight,0,0,0,0.5625,0.5625
Zappies,Mortar,0,0,0,0.5625,0.5625
Zappies,Mother Witch,0,0,0,0.5625,0.5625
Zappies,Musketeer,0,0,0,0.5625,0.5625
Zappies,Night Witch,0,0,0,0.5625,0.5625
Zappies,P.E.K.K.A,0,0,0,0.5625,0.5625
Zappies,Poison,0,0,0,0.5625,0.5625
Zappies,Princess,0,0,0,0.5625,0.5625
Zappies,Rage,0,0,0,0.5625,0.5625
Zappies,Ram Rider,0,0,0,0.5625,0.5625
Zappies,Rascals,0,0,0,0.5625,0.5625
Zappies,Rocket,0,0,0,0.5625,0.5625
Zappies,Royal Delivery,0,0,0,0.5625,0.5625
Zappies,Royal Giant,0,0,0,0.5625,0.5625
Zappies,Rune Giant,0,0,0,0.5625,0.5625
Zappies,Suspicious Bush,0,0,0,0.5625,0.5625
Zappies,The Log,0,0,0,0.5625,0.5625
Zappies,Tombstone,0,0,0,0.5625,0.5625
Zappies,Vines,0,0,0,0.5625,0.5625
Zappies,Witch,0,0,0,0.5625,0.5625
Zappies,Wizard,0,0,0,0.5625,0.5625
Zappies,X-Bow,0,0,0,0.5625,0.5625
